Entry	Modified residue
O00116	628
O00139	147
O00139	391
O00139	161
O00139	169
O00151	87
O00159	868
O00159	383
O00170	316
O00186	11
O00193	179
O00217	49
O00231	304
O00255	609
O00257	249
O00330	491
O00370	1047
O00411	28
O00425	465
O00442	205
O00443	1088
O00443	280
O00443	498
O00482	173
O00483	63
O00483	55
O00483	10
O00515	259
O00515	441
O00515	367
O00566	641
O00567	143
O00567	478
O00567	480
O00571	581
O00571	66
O00571	81
O00571	118
O00571	138
O00571-2	102
O00585	117
O00585	115
O00585	120
O00585	123
O00712	400
O00762	18
O03042	146
O03042	316
O03042	356
O04209	155
O04350	99
O08807	211
O14497	389
O14512	211
O14513	1187
O14529	1118
O14561	106
O14639	529
O14646	1124
O14662	97
O14686	2886
O14686	5024
O14686	5276
O14715	1578
O14715	993
O14730	304
O14730	318
O14776	729
O14776	734
O14777	59
O14782	168
O14782	163
O14795	577
O14802	3
O14802	955
O14818	157
O14862	64
O14874	89
O14893	125
O14905	184
O14908	10
O14936	703
O14936	704
O14936	738
O14939	388
O14939	292
O14974	539
O14974	551
O14974	1002
O14974	1008
O14974	2
O14974	442
O14974	483
O14979	76
O14979	161
O14979-2	42
O14986	301
O15021	1868
O15037	417
O15042	915
O15042	88
O15042	832
O15042	82
O15050	636
O15050	2246
O15050	312
O15066	167
O15066	162
O15069	1419
O15078	1916
O15078	1921
O15079	90
O15079	94
O15105	70
O15105-3	70
O15126	334
O15131	110
O15143	326
O15144	295
O15145	29
O15156	206
O15197	154
O15226	288
O15226	546
O15226	666
O15265	838
O15269	210
O15270	281
O15297	535
O15347	179
O15355	406
O15371	426
O15372	306
O15382	44
O15391	320
O15391	247
O15417	1779
O15417	2896
O15438	265
O15484	396
O15488	495
O15498	103
O15523	66
O15819	83
O15819	10
O15819	5
O22212	103
O22783	240
O22898	332
O22980	114
O23138	81
O23138	95
O23188	333
O23629	134
O23629	72
O23629	83
O34094	171
O35098	258
O35618	485
O43143	18
O43148	180
O43164	46
O43166	5
O43169	39
O43237	55
O43242	523
O43283	541
O43290	757
O43290	758
O43293	37
O43294	65
O43295	141
O43303	236
O43303	821
O43307	131
O43314	1201
O43314	1198
O43353	384
O43361	619
O43390	366
O43390	126
O43390	128
O43390	235
O43390	259
O43390	410
O43390	574
O43395	294
O43396	285
O43399	165
O43399	90
O43426	554
O43426	526
O43432	1077
O43432	229
O43447	153
O43463	105
O43463	123
O43482	215
O43482	226
O43491	643
O43491	83
O43491	652
O43516-3	139
O43520	60
O43520	615
O43524	419
O43524	46
O43524	290
O43524	262
O43524	230
O43524	271
O43524	149
O43526	556
O43572	55
O43597	78
O43610	263
O43657	123
O43660	181
O43663	487
O43676	59
O43676	39
O43679	232
O43707	779
O43709	198
O43768	56
O43790	193
O43790	222
O43790	377
O43795	575
O43809	23
O43827	338
O43852	248
O43861	525
O43861	532
O43868	79
O43868	78
O43896	1057
O43929	7
O48588	248
O48724	206
O48724	390
O48724	728
O49479	49
O49479	53
O50008	400
O50018	187
O50018	227
O50018	306
O50018	36
O50018	396
O50018	79
O55042	12
O55042	45
O59632	5
O59632	7
O60218	222
O60225	52
O60225	60
O60239	235
O60239	240
O60244	399
O60271	577
O60284	38
O60287	36
O60287	73
O60287	89
O60292	1448
O60292	1507
O60293	1287
O60293	1707
O60293	319
O60296	831
O60303	1594
O60318	347
O60336	655
O60341	114
O60341	322
O60347	335
O60347	345
O60353	532
O60361	85
O60431	298
O60431	303
O60494	1909
O60499	79
O60506	363
O60506	123
O60506	125
O60506	213
O60506-2	328
O60506-3	363
O60506-4	328
O60506-5	211
O60563	390
O60563	376
O60610	42
O60610	35
O60673	2868
O60678	81
O60749	442
O60762	149
O60763	251
O60810	185
O60812	176
O60812	39
O60814	109
O60814	24
O60814	44
O60814	47
O60814	58
O60814	6
O60828	191
O60841	322
O60841	325
O60869	25
O60870	231
O60870	209
O60870	221
O60870	3
O60870	135
O60870	23
O60870	302
O60870	306
O60879-3	149
O60884	302
O60885	177
O60885	404
O60885	406
O60907	527
O60925	28
O60934	751
O60934	715
O60934	388
O64560	322
O64793	565
O64855	34
O64877	163
O64877	164
O64973	231
O65674	60
O70373	59
O75061	850
O75061	852
O75072	408
O75081	47
O75084	455
O75110	14
O75116	1368
O75122	1078
O75140	411
O75147	528
O75147	2
O75150	795
O75150	906
O75151	631
O75151	642
O75152	288
O75152	300
O75153	384
O75155	1088
O75167	31
O75167	29
O75290	521
O75290	527
O75306	122
O75334	395
O75339	755
O75354	136
O75366	319
O75367	123
O75367	147
O75367	18
O75367	239
O75369	15
O75376	1518
O75390	395
O75391	177
O75410	75
O75420	35
O75420	858
O75427	435
O75475	201
O75525	75
O75525	189
O75528	85
O75528	354
O75530	197
O75530	268
O75530	284
O75530	66
O75533	290
O75533	195
O75541	330
O75554	6
O75635	196
O75643	14
O75643	479
O75643	804
O75643	829
O75665	888
O75674	298
O75691	2745
O75691	2746
O75691	2749
O75691	2757
O75694	902
O75715	167
O75717	915
O75746	377
O75746	451
O75746	661
O75746	370
O75762	337
O75762	503
O75762	504
O75787	287
O75792	221
O75815	5
O75815	334
O75817	46
O75818	160
O75821	94
O75822	237
O75822	233
O75881	423
O75882	1365
O75891	187
O75955	220
O75964	66
O75971	19
O76021	395
O76021	116
O76021	120
O76021	124
O76021	449
O76031	187
O76041	271
O76041	513
O76041	524
O76041	525
O76041	708
O76041	712
O76070	6
O76070	5
O80627	301
O80628	307
O80837	115
O82234	162
O82234	163
O88491	949
O88737	3422
O88737	3423
O88935	576
O88974	1186
O94761	110
O94761	114
O94762	232
O94763	172
O94776	173
O94776	559
O94810	37
O94811	78
O94830	254
O94830	587
O94832	811
O94850	271
O94851	68
O94856	86
O94906	146
O94913	767
O94972	863
O94979	471
O94979	2
O94986	1202
O94992	296
O95025	758
O95025	759
O95153	174
O95163	474
O95171	490
O95171	109
O95197	540
O95208	423
O95218	137
O95219	356
O95219	205
O95248	1223
O95249	150
O95251	376
O95256	554
O95260	285
O95292	43
O95294	399
O95319	141
O95342	446
O95347	1158
O95347	1160
O95347	930
O95359	1339
O95359	1346
O95361	188
O95373	379
O95373	445
O95373	446
O95373	403
O95425	927
O95427	404
O95433	3
O95456	193
O95461	728
O95466	88
O95470	247
O95568	107
O95602	1049
O95602	5
O95639	46
O95639	51
O95678	159
O95707	2
O95707	36
O95714	969
O95714	967
O95747	297
O95747	444
O95750	93
O95757	388
O95785	1322
O95785	1356
O95785	1108
O95785	1139
O95785	1464
O95785	1382
O95785	1384
O95785	1112
O95785	1162
O95785	967
O95785	975
O95785-3	148
O95803	123
O95803	125
O95817	230
O95819	851
O95819	849
O95835	275
O96013	78
O96019	238
O96028	582
O96028	615
O96028	588
O96028	1207
O96028	1217
O96028	443
P00042	79
P00042	78
P00042	61
P00047	80
P00077	4
P00077	83
P00107	24
P00219	29
P00338	278
P00338	5
P00338	118
P00338-2	118
P00338-3	147
P00338-3	307
P00338-4	220
P00338-5	118
P00355	3
P00359	137
P00367	171
P00367	302
P00492	103
P00505	150
P00505-2	107
P00519	689
P00533	745
P00533	1188
P00558	191
P00558	30
P00830	196
P00830	334
P00876	14
P00889	395
P00924	264
P00925	200
P00966	25
P01111	88
P01241	96
P01599	61
P01859	196
P01861	101
P01942	62
P02293	38
P02293	112
P02293	17
P02293	23
P02293	18
P02294	112
P02294	23
P02294	38
P02299	80
P02299	38
P02299	37
P02299	15
P02299	10
P02299	5
P02299	28
P02301	15
P02301	37
P02301	80
P02317	25
P02317	39
P02340	367
P02407	59
P02489	11
P02489	88
P02533	15
P02533	243
P02538	252
P02538	173
P02538	259
P02538	550
P02545	470
P02565	130
P02565	35
P02565	552
P02688	129
P02741	3
P02746	77
P02746	88
P02746	92
P02749	301
P02751	486
P02765	231
P02768	490
P02768	257
P02768	264
P02768	558
P02768	75
P02986	12
P02991	57
P02993	55
P02993	219
P02993	318
P02993	36
P02993	79
P02994	3
P02994	30
P02994	316
P02994	390
P02994	79
P03372	171
P03372	180
P03372	266
P03372	302
P03372	401
P03871	11
P04049	18
P04075	101
P04075	99
P04075	312
P04075	215
P04075	322
P04075	330
P04075	294
P04075-2	284
P04083	274
P04083	281
P04179	130
P04179-2	91
P04179-4	84
P04233	96
P04233	99
P04259	173
P04259	259
P04259	194
P04259	252
P04264	211
P04264	269
P04264	276
P04350	19
P04370	145
P04406	162
P04406	194
P04406	215
P04406	219
P04406	227
P04406	260
P04406	263
P04406	334
P04406	5
P04406	66
P04424	106
P04439	267
P04573	117
P04573	96
P04614	50
P04626	175
P04632	9
P04637	386
P04637	382
P04637	373
P04637	372
P04637	370
P04637-4	333
P04637-4	343
P04637-4	334
P04637-4	331
P04637-7	240
P04637-7	238
P04637-7	241
P04637-7	250
P04642	42
P04642	57
P04642	59
P04797	3
P04908	6
P04908	75
P04908	76
P04920	274
P05023	494
P05062	215
P05064	322
P05114	5
P05141	272
P05141	166
P05141	10
P05141	43
P05141	147
P05141	52
P05141	63
P05186	241
P05197	525
P05198	154
P05204	40
P05213	40
P05305	118
P05305	127
P05386	49
P05387	41
P05388	16
P05388	10
P05455	191
P05496	104
P05712	8
P05747	5
P05756	140
P05783	426
P05783	118
P05783	167
P05783	131
P05783	187
P05787	285
P05787	178
P05787	122
P05787	101
P05787	185
P05787	8
P05787	11
P05787	117
P05813	44
P06102	535
P06102	540
P06213	1352
P06239	405
P06276	436
P06276	455
P06400	810
P06400	860
P06400	873
P06401	464
P06576	432
P06685	726
P06685	727
P06685	773
P06685	774
P06687	716
P06687	717
P06687	763
P06687	764
P06733	256
P06733	285
P06733-2	192
P06733-2	163
P06744	12
P06744-2	51
P06748	273
P06748	248
P06748	141
P06748-2	244
P06753	221
P06753-2	184
P06753-3	184
P06753-4	184
P06753-5	184
P06753-6	184
P06753-7	94
P06899	58
P06899	109
P06899	47
P06899	6
P07099	119
P07099	117
P07195	60
P07195	119
P07237	467
P07237	130
P07252	538
P07305	102
P07305	108
P07305	12
P07305	155
P07305	21
P07305	59
P07305	82
P07310	11
P07355	169
P07355	227
P07355	313
P07355-2	245
P07355-2	331
P07357	359
P07384	229
P07437	58
P07437	19
P07463	14
P07463	116
P07472	84
P07737	54
P07814	861
P07814	417
P07814	229
P07814	328
P07814	231
P07814	991
P07814	1250
P07814	1354
P07864	278
P07900	283
P07900	573
P07900	443
P07900	489
P07900	191
P07900	294
P07900	615
P07900	513
P07900	499
P07900-2	405
P07900-2	565
P07900-2	611
P07900-2	695
P07900-2	737
P07901	616
P07910	189
P07910	39
P07910	98
P07951	220
P07954	100
P08032	2198
P08032	2206
P08069	1354
P08134	119
P08183	1102
P08237	372
P08238	559
P08238	186
P08238	531
P08238	574
P08238	565
P08238	275
P08238	435
P08238	286
P08238	347
P08238	477
P08238	491
P08238	607
P08238	623
P08240	242
P08243	556
P08243	467
P08243	147
P08319	120
P08413	221
P08559	385
P08559	77
P08579	17
P08621	346
P08621	130
P08621	284
P08644	42
P08670	120
P08670	445
P08708	129
P08727	168
P08727	118
P08729	101
P08775	1908
P08775	1922
P08775	1887
P08775	1873
P08775	1838
P08775	1936
P08775	1859
P08775	1866
P08779	460
P08779	15
P08865	89
P08865	40
P08898	80
P08898	37
P08898	28
P08898	10
P08898	5
P09211	45
P09211	141
P09211	82
P09211	209
P09417	109
P09429	59
P09429	114
P09429	3
P09429	112
P09429	43
P09493	161
P09496	223
P09496	226
P09497	207
P09497	194
P09497	204
P09543	27
P09543	29
P09544	229
P09564	214
P09622	505
P09622	143
P09622	66
P09622-2	44
P09651	350
P09651	106
P09651	161
P09651	183
P09651-2	298
P09651-2	183
P09651-3	245
P09661	149
P09661	172
P09874	1010
P09874	508
P09874	674
P09884	1434
P09913	309
P09972	215
P09988	5
P09988	10
P09988	37
P0A6B7	2
P0A7J7	4
P0A7J7	40
P0A7K2	71
P0A7K2	82
P0C0S5	116
P0C0S5	8
P0C0S5	5
P0C0S5	102
P0C0S8	6
P0C0S8	100
P0C0V8	5
P0C0W9	75
P0C2H6	133
P0C7V9	70
P0C835	16
P0CB26	211
P0CB48	285
P0CB48	288
P0CE47	57
P0CE48	57
P0CG12	2
P0CG38	768
P0CG38	171
P0CG38	784
P0CG39	731
P0CG47	63
P0CG47	215
P0CG47	158
P0CG47	82
P0CG47	139
P0CG47	6
P0CG48	82
P0CG48	63
P0CG48	158
P0CG48	6
P0CG48	614
P0CG48	595
P0CG48	671
P0CG48	538
P0CG48	291
P0CG48	443
P0CG48	462
P0CG48	310
P0CG48	519
P0CG48	386
P0CG48	234
P0CG48	367
P0CG48	139
P0CG48	215
P0CI25	202
P0CX23	47
P0CX27	40
P0CX27	55
P0CX28	55
P0CX28	40
P0CX32	37
P0CX32	43
P0CX41	106
P0CX41	110
P0CX42	110
P0CX42	106
P0CX43	207
P0CX43	47
P0CX44	47
P0CX49	50
P0CX50	50
P0CX53	11
P0CX53	4
P0CX54	11
P0CX54	4
P0CX55	48
P0CX56	48
P0DH96	116
P0DJD0	978
P0DJD1	986
P0DME0	93
P0DME0	142
P0DMR1	176
P0DMR1	39
P0DMV8	559
P0DMV8	550
P0DMV8	561
P0DMV8	567
P0DMV8	568
P0DMV9	88
P0DMV9	573
P0DMV9	567
P0DMV9	561
P0DMV9	559
P0DN26	125
P0DN37	91
P0DN37	125
P0DN76	175
P0DN76	39
P0DP23	116
P0DP24	116
P0DP25	116
P0DP25	14
P0DP25	149
P0DP25	78
P0DP25	95
P0DP29	116
P0DPH8	163
P0DPH8	338
P10071	436
P10071	595
P10126	165
P10126	55
P10155	170
P10155	113
P10242	471
P10275	631
P10275	633
P10275-2	99
P10321	267
P10412	106
P10412	119
P10412	121
P10412	129
P10412	148
P10412	171
P10412	177
P10412	192
P10412	26
P10412	159
P10412	64
P10412	75
P10412	97
P10412	34
P10412	169
P10412	63
P10412	52
P10587	128
P10589	148
P10599	48
P10599	8
P10599	39
P10600	162
P10619	55
P10636	611
P10636-8	44
P10637	455
P10637	603
P10637	551
P10651	5
P10651	37
P10651	10
P10664	104
P10745	1070
P10809	516
P10809	292
P10853	21
P10853	35
P10853	13
P10860	346
P10860	352
P10896	438
P10896	61
P10914	126
P11021	596
P11021	268
P11021	581
P11021	585
P11021	591
P11035	606
P11047	1303
P11047	1317
P11101	83
P11101	88
P11101	91
P11137	211
P11142	88
P11142	569
P11142	567
P11142	561
P11142	557
P11142	601
P11142	246
P11142-2	246
P11171	361
P11171	372
P11182	289
P11277	680
P11279	337
P11387	374
P11387	466
P11387	471
P11388	936
P11388	639
P11388	1283
P11416	109
P11416	171
P11416	347
P11442	245
P11442	246
P11499	607
P11598	61
P11627	1150
P11627	1159
P11678	594
P11798	298
P11798	300
P11908	163
P11940	512
P11940	188
P11940	299
P11980	3
P12035	208
P12081	57
P12235	272
P12235	147
P12235	52
P12236	10
P12236	272
P12236	147
P12236	49
P12236	52
P12270	1603
P12270	1105
P12270	117
P12270	124
P12270	1265
P12270	1326
P12429	104
P12757	487
P12847	130
P12882	857
P12882	862
P12883	1324
P12883	942
P12956	123
P12956	114
P12956	207
P12956	357
P12956	92
P13010	660
P13010	334
P13010	332
P13010	7
P13010	702
P13073	63
P13073	12
P13114	62
P13114	67
P13123	7
P13123	5
P13125	63
P13125	64
P13125	7
P13233	27
P13233	29
P13233	73
P13233	79
P13538	552
P13538	131
P13538	36
P13595	1009
P13611	2238
P13639	594
P13639	525
P13639	438
P13639	407
P13639	400
P13639	638
P13639	519
P13639	498
P13639	445
P13639	272
P13647	264
P13647	199
P13647	72
P13647	257
P13647	178
P13682	472
P13693	130
P13726	287
P13796	434
P13796	444
P13797	545
P13797	444
P13798	681
P13861	315
P13864	139
P13942	555
P13984	33
P14091	293
P14126	384
P14207	35
P14314	83
P14416	324
P14416	332
P14416	336
P14618	3
P14625	663
P14625	486
P14625	177
P14680	423
P14909	203
P14909	385
P15019	156
P15108	412
P15121	222
P15153	123
P15153	130
P15170	196
P15170-2	333
P15170-3	334
P15172	104
P15259	241
P15311	306
P15408	104
P15531	100
P15531-2	125
P15864	110
P15864	17
P15864	22
P15864	26
P15864	34
P15864	52
P15864	97
P15880	257
P15880	238
P15924	727
P15924	1802
P15924	1374
P15924	1073
P16104	134
P16234	378
P16278	43
P16290	174
P16383	79
P16401	26
P16401	169
P16401	100
P16401	224
P16401	27
P16401	37
P16402	98
P16402	65
P16402	25
P16402	107
P16402	53
P16402	76
P16402	170
P16402	17
P16402	35
P16403	97
P16403	64
P16403	26
P16403	63
P16403	46
P16403	119
P16403	168
P16403	187
P16403	22
P16403	34
P16403	52
P16403	75
P16435	267
P16452	593
P16499	84
P16521	789
P16521	196
P16521	187
P16858	3
P16862	180
P16870	433
P16930	181
P16949	29
P16989	124
P17028	361
P17066	563
P17066	142
P17066	330
P17076	171
P17076	241
P17076	43
P17096	46
P17096	92
P17096	74
P17096	71
P17096	7
P17096	67
P17096	65
P17096	55
P17096	62
P17096	31
P17096	23
P17096	15
P17096-2	54
P17096-2	60
P17096-2	15
P17096-2	31
P17096-3	15
P17097	279
P17097	285
P17098	522
P17480	232
P17480	254
P17568	68
P17661	43
P17677	216
P17751	244
P17812	490
P17812	489
P17812	169
P17812	92
P17844	340
P17844	197
P17844	490
P17844	56
P17883	1088
P17927	520
P17948	1153
P17948	306
P17948	831
P17948	932
P17987	199
P18077	52
P18124	124
P18124	202
P18124	156
P18124	148
P18281	35
P18281	72
P18621	37
P18669	5
P18669	241
P18669	253
P18858	795
P18961	635
P19012	300
P19338	71
P19338	523
P19338	467
P19338	3
P19338	116
P19338	333
P19338	646
P19366	447
P19367	176
P19429	40
P19474	138
P19525	61
P19525	69
P19532	178
P19622	245
P19801	436
P19984	104
P20029	586
P20042	124
P20132	41
P20152	120
P20290	171
P20290	67
P20290	46
P20290	54
P20290-2	2
P20309	470
P20309	477
P20357	1157
P20357	1158
P20585	316
P20648	30
P20648	31
P20671	6
P20749	338
P20810	261
P20810	51
P20810	56
P20810	58
P20929	4535
P20929	4541
P20929	6582
P21127	794
P21272	102
P21272	134
P21272	145
P21272	212
P21272	267
P21272	284
P21272	39
P21272	99
P21333	42
P21333	2217
P21333	691
P21359	471
P21359	469
P21359	2489
P21359	476
P21549	228
P21734	15
P21757	245
P21796	174
P21817	4229
P21854	196
P21860	736
P21926	126
P22082	1028
P22087	77
P22090	53
P22090	7
P22090	155
P22102	480
P22102	125
P22102	20
P22138	513
P22314	304
P22314	8
P22342	78
P22354	104
P22392	100
P22392-2	100
P22392-2	215
P22492	79
P22498	116
P22498	135
P22498	273
P22498	311
P22498	332
P22579	1328
P22626	46
P22626	104
P22695	98
P22914	7
P23193	242
P23246	703
P23246	279
P23246	217
P23246	232
P23246	314
P23249	101
P23284	129
P23469	226
P23469	237
P23497	733
P23508	260
P23526	8
P23526	291
P23527	109
P23527	47
P23527	58
P23527	121
P23528	19
P23528	96
P23528	114
P23588	486
P23786	510
P23819	379
P23921	320
P24043	1943
P24347	107
P24385	46
P24462	127
P24468	141
P24534	7
P24928	803
P24928	767
P24928	1873
P24928	1936
P24928	1922
P24928	1887
P24928	1866
P24928	1859
P24928	708
P25054	561
P25054	580
P25089	90
P25092	1054
P25105	316
P25386	119
P25391	2479
P25398	129
P25445	201
P25490	362
P25490	301
P25490	315
P25490	183
P25490	305
P25686	288
P25786	50
P25789	257
P25886	5
P26038	306
P26038	3
P26039	2454
P26358	981
P26358	142
P26358	70
P26358-2	142
P26367	145
P26368	195
P26373	177
P26373	200
P26373-2	130
P26583	3
P26583	112
P26639	409
P26641	17
P26641	235
P26784	148
P26998	128
P27216	78
P27348	212
P27361	302
P27361	361
P27482	116
P27635	170
P27694	443
P27694	167
P27694	163
P27695	58
P27695	6
P27695	63
P27708	1301
P27708	186
P27773	61
P27797	238
P27797	111
P27816	955
P27816	1064
P27816	1011
P27816	1028
P27824-2	419
P28033	39
P28274	28
P28290	701
P28328	84
P28331	298
P28331	157
P28347	83
P28347	101
P28652	299
P28652	301
P28715	1071
P28845	56
P29033	221
P29033	223
P29083	19
P29084	238
P29144	136
P29401	204
P29401-2	212
P29453	15
P29474	5
P29477	422
P29536	240
P29590	725
P29590	727
P29966	248
P29966	161
P29966	172
P29966	175
P29973	556
P29973	566
P30038	153
P30038	495
P30041	63
P30041	182
P30046	110
P30050	11
P30050	4
P30085	106
P30101	395
P30101	61
P30273	80
P30291	292
P30405	190
P30414	862
P30414	637
P30414	639
P30542	214
P30542	224
P30613	290
P30876	730
P30876	445
P30876	1052
P31000	143
P31001	43
P31040	547
P31040-2	499
P31040-3	402
P31150	221
P31150	264
P31321	123
P31327	772
P31629	616
P31629	624
P31629	1666
P31629	626
P31749	14
P31942	6
P31943	185
P31943	200
P31943	98
P31946	51
P31946-2	49
P31948	312
P31948	325
P31948-2	372
P31948-2	359
P31948-3	301
P31948-3	288
P31997	126
P32119	177
P32131	73
P32324	613
P32324	509
P32455	544
P32497	514
P32565	376
P32660	818
P32660	820
P32660	541
P32780	240
P32856	125
P32856	55
P32856	71
P33304	401
P33442	174
P33778	47
P33778	16
P33778	117
P33778	58
P33778	121
P33778	44
P33778	24
P33778	109
P33892	1446
P33981	708
P33981	19
P33981	385
P33991	413
P33991	806
P33991	216
P33993	449
P34897	269
P34897	469
P34897-2	259
P34897-3	248
P34931	73
P34931	189
P34932	388
P34932	557
P34932	559
P34932	773
P34947	548
P35221	901
P35222	49
P35232	11
P35232	4
P35241	306
P35249	6
P35251	323
P35251	645
P35251	627
P35268	80
P35293	46
P35321	68
P35398	38
P35498	1058
P35556	2861
P35556	2879
P35568	772
P35579	1920
P35579	1918
P35579	651
P35579	1445
P35579	299
P35579	1442
P35579	8
P35579-2	163
P35580	594
P35580	1452
P35580	658
P35609	86
P35637	365
P35637	510
P35658	1037
P35658	640
P35658	665
P35658	943
P35659	84
P35749	658
P35749	1452
P35749	129
P35749	1925
P35908	188
P35914	80
P36048	356
P36048	935
P36212	137
P36383	115
P36528	70
P36578	283
P36578	274
P36578	29
P36873	322
P36955	316
P36956	924
P37108	105
P37108	107
P37231	197
P37235	50
P37235	102
P38117	202
P38117	200
P38117	203
P38117-2	291
P38121	84
P38144	14
P38159	150
P38249	192
P38328	121
P38420	828
P38432	405
P38605	46
P38606	265
P38613	66
P38646	653
P38919	60
P38919	374
P38919	70
P39023	373
P39023	250
P39023	394
P39023	399
P39086	386
P39086	396
P39462	11
P39462	213
P39476	5
P39476	61
P39476	63
P39476	64
P39476	7
P39687	238
P39688	320
P39688	322
P39744	384
P39748	345
P40018	138
P40018	145
P40069	1076
P40123	186
P40124	286
P40189	849
P40227	5
P40261	8
P40283	4
P40429	148
P40763	140
P40763	49
P40818	1012
P40925	110
P40938	7
P40990	348
P41091	59
P41091	308
P41134	2
P41208	6
P41208	7
P41219	456
P41219	98
P41252	1014
P41252	450
P41814	436
P41940	299
P42123	58
P42123	60
P42166	281
P42166	674
P42166	94
P42167	303
P42167	207
P42224	550
P42224	525
P42224	175
P42224	114
P42224	637
P42224	665
P42224	296
P42224	366
P42338	747
P42566	227
P42566	234
P42568	308
P42568	300
P42677	5
P42684	1057
P42684	959
P42684	1066
P42684	957
P42684	667
P42694	1176
P42698	127
P42731	309
P43155	29
P43243	804
P43243	3
P43243	602
P43243	608
P43246	104
P43274	17
P43274	21
P43274	22
P43274	23
P43275	17
P43275	23
P43276	23
P43276	22
P43276	21
P43286	3
P43287	3
P43304	190
P43320	11
P43320	120
P43320	121
P43320	42
P43320	68
P43355	278
P43358	286
P43361	288
P43487	68
P43535	656
P43686	134
P45573	58
P45573	90
P45877	123
P45973	143
P45973	154
P45973	3
P45973	32
P45973	40
P45973	6
P45973	91
P45985	45
P45985	42
P45985	54
P46013	1616
P46013	263
P46013	2652
P46013	620
P46013	2343
P46013	2240
P46013	2473
P46013	1860
P46013	1512
P46013	502
P46013	219
P46013	2997
P46060	406
P46063	487
P46063	88
P46063	91
P46087	22
P46100	375
P46460	708
P46460	709
P46776	55
P46777	283
P46777	5
P46777	228
P46777	164
P46778	107
P46779	33
P46781	11
P46783	139
P46937	494
P46937	497
P46939	3087
P46940	1096
P46940	1088
P46940	942
P46940	922
P46984	93
P47118	25
P47712	588
P47755	256
P47813	88
P47897	254
P47897	628
P47914	114
P47914	149
P47914	3
P47914	5
P47915	5
P47962	164
P47989	443
P48201	110
P48382	361
P48426	89
P48426	91
P48426-2	30
P48443	10
P48444	179
P48552	97
P48552	590
P48552	652
P48552	756
P48552	850
P48634	1378
P48637	108
P48668	259
P48668	194
P48668	550
P48668	252
P48668	173
P48735	155
P48739	104
P48962	147
P48962	52
P49223	84
P49321	721
P49411	91
P49411	342
P49411	55
P49448	171
P49662	49
P49662	53
P49711	352
P49748	247
P49750	1053
P49750	735
P49750	808
P49750	838
P49754	29
P49756	173
P49756	77
P49773	21
P49790	250
P49790	1468
P49790	292
P49792	1032
P49792	2554
P49792	1038
P49792	1969
P49792	1585
P49792	2272
P49792	1883
P49792	1842
P49792	1458
P49815	967
P49841	27
P49848	537
P49848	287
P49914	158
P49916	213
P49916	817
P49917	432
P49917	442
P50238	64
P50395	221
P50395	112
P50398	210
P50398	264
P50398	269
P50406	258
P50406	262
P50452	178
P50454	263
P50548	376
P50548	2
P50552	321
P50553	153
P50554	142
P50564	28
P50564	10
P50564	5
P50564	36
P50564	37
P50579	188
P50750	127
P50750	21
P50750	35
P50914	53
P50990	400
P50990	528
P50990-2	381
P50990-3	327
P50991	21
P50991	139
P50991-2	109
P50993	28
P50993	411
P50993	89
P50995	264
P51114	462
P51448	38
P51504	190
P51508	258
P51523	718
P51532	437
P51553	115
P51587	268
P51587	2413
P51587	2524
P51587	275
P51587	2017
P51587	2411
P51587	2950
P51608	119
P51608	210
P51608	267
P51608	347
P51610	558
P51610	511
P51610	665
P51648	428
P51784	383
P51797	648
P51814	656
P51881	52
P51948	10
P51957	339
P51957	345
P51957	622
P51991	127
P52143	1358
P52272	52
P52272	651
P52298	151
P52298	7
P52429	421
P52480	3
P52564	141
P52565	52
P52565	50
P52594	161
P52597	87
P52597	224
P52701	833
P52701	1092
P52701	1126
P52736	541
P52738	355
P52738	364
P52739	372
P52746	849
P52747	309
P52756	787
P52756	780
P52907	256
P52926	26
P52948	572
P53004	234
P53007	178
P53131	662
P53254	1158
P53267	233
P53351	363
P53396	965
P53396	964
P53674	235
P53698	79
P53814	765
P53814	336
P53985	487
P53985	494
P53991	118
P53991	124
P53991	170
P54098	768
P54132	39
P54132	195
P54132	38
P54136	143
P54277	505
P54277	626
P54609	318
P54619	34
P54652	564
P54826	236
P54868	276
P54868	350
P54886	124
P55008	113
P55010	288
P55011	833
P55034	246
P55072	231
P55072	315
P55087	295
P55196	1716
P55196	1186
P55196	1014
P55197	280
P55199	451
P55199	456
P55199	465
P55201	547
P55210	38
P55265	48
P55268	1769
P55285	35
P55289	641
P55289	642
P55735-3	190
P55769	33
P55795	185
P55795	98
P55821	143
P55854	32
P55854	44
P55907	30
P56645	398
P56778	457
P56805	3
P57053	44
P57053	58
P57053	109
P57053	47
P57053	6
P57073	97
P57076	93
P57740	25
P57740	305
P57772	582
P57773	376
P58252	525
P58317	69
P58397	536
P58876	109
P58876	47
P58876	58
P58876	44
P59169	10
P59169	24
P59169	28
P59169	37
P59169	5
P59169	19
P59220	116
P59226	5
P59226	24
P59226	19
P59226	10
P59226	28
P59226	37
P59226	38
P59226	80
P59230	90
P59231	91
P59773	107
P60008	119
P60174	106
P60174	51
P60174	231
P60709	191
P60709	18
P60709	326
P60709	284
P60709	50
P60709	68
P60709	84
P60842	193
P60842	54
P60842-2	54
P60866	8
P60900	102
P60900	30
P60900-2	83
P60900-3	23
P61011	496
P61024	4
P61081	61
P61160	19
P61221	93
P61244	89
P61247	144
P61247	27
P61254	103
P61254	2
P61255	2
P61289	110
P61289	121
P61289	212
P61313	5
P61313	54
P61326	14
P61353	3
P61406	360
P61513	44
P61586	119
P61586	135
P61601	102
P61604	8
P61604	36
P61764	321
P61769	78
P61830	10
P61830	15
P61830	19
P61830	24
P61830	28
P61830	37
P61830	38
P61830	5
P61830	80
P61831	5
P61927	52
P61956	33
P61956	45
P61964	38
P61978	198
P61978	34
P61978	139
P61978	179
P61981	50
P61990	5
P61990	7
P61991	5
P61991	7
P62081	178
P62136	329
P62149	116
P62150	109
P62152	95
P62154	116
P62157	116
P62214	330
P62249	4
P62258	153
P62258	215
P62273	13
P62280	45
P62304	12
P62304	9
P62318	99
P62328	4
P62424	101
P62491	24
P62495	404
P62502	51
P62630	165
P62630	55
P62631	55
P62632	55
P62633	8
P62701	53
P62701	7
P62705	7
P62736	193
P62736	328
P62736	217
P62736	52
P62736	70
P62736	86
P62753	2
P62755	2
P62781	21
P62784	21
P62787	21
P62802	21
P62803	21
P62804	21
P62805	92
P62805	13
P62805	17
P62805	21
P62805	32
P62805	60
P62805	78
P62805	80
P62806	17
P62806	21
P62806	6
P62807	109
P62807	44
P62807	58
P62807	47
P62807	6
P62826	37
P62826	12
P62826	60
P62826	159
P62841	108
P62847-4	21
P62851	66
P62854	113
P62888	32
P62899	115
P62899	39
P62899	31
P62906	106
P62910	83
P62917	192
P62937	91
P62937	49
P62937	125
P62937-2	65
P62979	63
P62979	6
P62986	6
P62987	63
P62987	98
P62987	6
P63000	123
P63000	130
P63017	561
P63098	135
P63104	85
P63104	49
P63104	3
P63104	212
P63165	39
P63165	37
P63167	49
P63215	24
P63220	51
P63241	68
P63244	271
P63244	172
P63244	12
P63244	280
P63261	191
P63261	326
P63261	50
P63261	68
P63261	84
P63267	327
P63267	192
P63267	216
P63267	51
P63267	69
P63267	85
P63267-2	284
P63267-2	149
P63313	15
P63313	4
P63328	32
P67870	208
P67936	184
P67936	13
P68032	193
P68032	328
P68032	217
P68032	52
P68032	70
P68032	86
P68103	36
P68104	255
P68104	408
P68104	179
P68104	172
P68104	30
P68104	84
P68104	79
P68104	62
P68104	55
P68104	51
P68104	5
P68104	36
P68104	318
P68104	273
P68104	165
P68104	154
P68105	165
P68105	318
P68105	36
P68105	55
P68105	79
P68133	328
P68133	193
P68133	217
P68133	52
P68133	70
P68133	86
P68363	40
P68363	163
P68363	338
P68363	394
P68363	60
P68366	163
P68366	124
P68366-2	148
P68370	60
P68371	19
P68372	103
P68427	28
P68427	5
P68427	10
P68428	5
P68429	5
P68429	10
P68429	28
P68431	10
P68431	123
P68431	15
P68431	19
P68431	24
P68431	28
P68431	37
P68431	38
P68431	5
P68431	57
P68431	65
P68431	80
P68432	10
P68432	28
P68433	15
P68433	123
P68433	80
P68433	65
P68433	10
P68433	19
P68433	24
P68433	28
P68433	37
P68433	5
P68696	104
P69150	5
P69150	80
P69150	57
P69150	37
P69150	28
P69244	28
P69244	10
P69244	5
P69246	5
P69246	10
P69246	28
P70701	261
P78312	1258
P78316	12
P78316	3
P78316	6
P78330	59
P78332	36
P78344	463
P78344	464
P78344	31
P78344	41
P78344	431
P78347	715
P78347	343
P78347	219
P78347	456
P78357	489
P78371	284
P78371	170
P78406	258
P78406	212
P78415	289
P78524	95
P78524	676
P78527	2703
P78527	2239
P78527	890
P78527	3884
P78527	3372
P78527	3248
P78527	2746
P78527	2702
P78527	2694
P78527	1150
P78545	318
P78545	319
P78545	320
P78559	440
P78559	441
P78563	669
P79293	129
P79522	125
P80053	254
P80053	260
P80053	372
P80053	391
P80053	392
P80322	20
P81539	29
P81543	29
P82094	121
P82094	183
P82675	426
P82970	5
P82979	135
P83111	237
P83111	543
P83731	147
P83865	21
P83865	32
P83881	44
P83881	53
P83881	58
P83882	53
P83916	35
P83916	9
P84098	144
P84098	167
P84102	16
P84102	17
P84102	23
P84228	5
P84228	10
P84228	123
P84228	19
P84228	24
P84228	28
P84228	37
P84228	80
P84229	28
P84229	15
P84229	37
P84229	80
P84229	5
P84229	10
P84232	10
P84232	37
P84232	28
P84233	10
P84233	5
P84243	65
P84243	5
P84243	123
P84243	24
P84243	57
P84243	19
P84243	10
P84243	28
P84243	37
P84243	38
P84243	80
P84244	24
P84244	19
P84244	123
P84244	10
P84244	80
P84244	5
P84244	28
P84244	37
P84245	5
P84245	28
P84245	10
P86452	467
P86452	479
P92948	248
P93008	39
P93042	413
P95989	115
P96039	321
P96040	39
P97333	504
P97546	147
P98082	163
P98082	173
P98171	460
P98175	881
P99999	100
P99999	101
Q00013	281
Q00059	69
Q00059	146
Q00059	147
Q00325	112
Q00341	632
Q00341	892
Q00534	3
Q00535	22
Q00535	20
Q00537	328
Q00577	154
Q00577	160
Q00587	17
Q00610	619
Q00610	1441
Q00610-2	1441
Q00688	187
Q00729	118
Q00839	670
Q00839	543
Q00839	544
Q00839	516
Q00839	215
Q00839-2	497
Q00839-2	651
Q00973	517
Q00973	524
Q01081-3	39
Q01081	39
Q01081	175
Q01081-2	39
Q01094	185
Q01105	83
Q01105	132
Q01118	1045
Q01118	466
Q01130	172
Q01338	333
Q01432	27
Q01469	24
Q01518	279
Q01518	184
Q01518	287
Q01518	298
Q01518	71
Q01546	193
Q01780	754
Q01780	835
Q01804	1053
Q01804	266
Q01804	1051
Q01804	1040
Q01813	736
Q01813	737
Q01813	109
Q01844	641
Q01844-5	646
Q01853	315
Q01860	156
Q01860	154
Q01860	140
Q01860	151
Q01860	177
Q01860	195
Q01860	199
Q01860	206
Q01860	144
Q01955	1206
Q02040	56
Q02224	1560
Q02252-2	104
Q02318	387
Q02383	363
Q02386	218
Q02539	67
Q02539	22
Q02539	78
Q02539	23
Q02539	100
Q02543	2
Q02543	128
Q02556	269
Q02566	352
Q02566	550
Q02566	560
Q02566	642
Q02874	18
Q02878	218
Q02878	239
Q02878	166
Q02880	412
Q02880	439
Q02880	421
Q02880	587
Q03001	3712
Q03001	6757
Q03001	2193
Q03001	4596
Q03164	3804
Q03164	636
Q03164	1938
Q03164	623
Q03164-2	636
Q03164-3	636
Q03167	201
Q03188	414
Q03361	862
Q03468	1054
Q03468	170
Q03468	297
Q03468	448
Q03509	116
Q03532	444
Q03701	787
Q03701	1011
Q03897	336
Q03936	454
Q04206	218
Q04206	221
Q04206	310
Q04206	314
Q04206	37
Q04206	315
Q04206-2	297
Q04206-2	208
Q04206-2	205
Q04206-3	300
Q04206-4	218
Q04206-4	307
Q04206-4	215
Q04207	310
Q04500	693
Q04637-9	1102
Q04637	1104
Q04637	1026
Q04637	1059
Q04637	1095
Q04637	602
Q04637-3	1055
Q04637-4	1008
Q04637-5	931
Q04637-6	899
Q04637-7	900
Q04637-8	1096
Q04660	577
Q04660	581
Q04695	278
Q04695	172
Q04695	15
Q04724	343
Q04726	19
Q04917	50
Q04924	592
Q05022	769
Q05212	304
Q05516	387
Q05516	396
Q05639	255
Q05639	30
Q05639	36
Q05639	84
Q05639	79
Q05639	62
Q05639	55
Q05639	51
Q05639	408
Q05639	318
Q05639	165
Q05682	775
Q05753	210
Q05826	119
Q05826	20
Q05826	276
Q05826	285
Q05826	298
Q05826	299
Q05826	315
Q05826	39
Q05962	52
Q05BV3	474
Q05D32	26
Q05D32-2	26
Q06033	832
Q06033	840
Q06055	109
Q06190	535
Q06203	62
Q06203	383
Q06287	147
Q06625	350
Q06830	178
Q06830	27
Q06830	16
Q06839	249
Q07021	220
Q07065	551
Q07133	111
Q07157	1530
Q07343	251
Q07511	133
Q075Z2	120
Q07617	624
Q07617	669
Q07617	705
Q07617	709
Q07666	432
Q07666	175
Q07666	194
Q07666	200
Q07666-2	150
Q07820	5
Q07866	454
Q07889	413
Q07889	420
Q07890	958
Q07890	949
Q07890	677
Q07954	458
Q07960	218
Q08050	278
Q08050	282
Q08116	13
Q08116	164
Q08116	24
Q08211	14
Q08211	1024
Q08211	191
Q08211	1163
Q08211	120
Q08211	146
Q08345	613
Q08345	615
Q08357	425
Q08357	426
Q08369	299
Q08378	1304
Q08378	562
Q08493	238
Q08499	309
Q08752	235
Q08881	229
Q08945	90
Q08945	143
Q08AD1	984
Q08AD1	977
Q08AD1	861
Q08AD1	368
Q08AF3	624
Q08AF3	623
Q08AN1	435
Q08AN1	438
Q09161	204
Q09472	243
Q09666	3990
Q09666	3862
Q09666	3660
Q09666	3583
Q09666	3404
Q09666	3208
Q09666	3080
Q09666	2952
Q09666	2824
Q09666	2696
Q09666	2301
Q09666	2257
Q09666	2197
Q09666	2194
Q09666	2173
Q09666	2130
Q09666	2127
Q09666	2002
Q09666	1999
Q09666	1978
Q09666	1935
Q09666	1932
Q09666	1868
Q09666	1865
Q09666	1844
Q09666	1666
Q09666	1663
Q09666	1642
Q09666	1464
Q09666	1396
Q09666	1312
Q09666	1208
Q09666	1205
Q09666	1184
Q09666	4794
Q09666	5528
Q09666	537
Q09666	530
Q09666	4886
Q09666	4879
Q09666	4859
Q09666	4731
Q09666	4666
Q09666	2113
Q09666	4589
Q09666	4529
Q09666	828
Q09666	4515
Q09666	956
Q09666	4472
Q09666	4469
Q09666	1319
Q09666	4985
Q09666	4395
Q09666	4330
Q09666	2180
Q09666	4270
Q09666	4267
Q09666	4202
Q09666	4125
Q09666	4014
Q09666	4011
Q09666	3946
Q09666	3888
Q09666	3883
Q09666	1191
Q09666	1918
Q09666	1082
Q09666	1080
Q09666	1077
Q09666	2308
Q09666	3818
Q09666	2322
Q09666	2325
Q09666	3755
Q09666	3741
Q09666	3727
Q09666	3684
Q09666	3681
Q09666	3616
Q09666	3553
Q09666	2375
Q09666	1589
Q09666	2382
Q09666	1985
Q09666	1024
Q09666	3445
Q09666	1012
Q09666	1268
Q09666	2396
Q09666	3306
Q09666	5833
Q09666	3303
Q09666	5772
Q09666	855
Q09666	3229
Q09666	5744
Q09666	3164
Q09666	5725
Q09666	5723
Q09666	3106
Q09666	3101
Q09666	1568
Q09666	5598
Q09666	3036
Q09666	2442
Q09666	5524
Q09666	5443
Q09666	5434
Q09666	2976
Q09666	2973
Q09666	5323
Q09666	5312
Q09666	5307
Q09666	2449
Q09666	5281
Q09666	2908
Q09666	2463
Q09666	2466
Q09666	5207
Q09666	5204
Q09666	1461
Q09666	1726
Q09666	2831
Q09666	2509
Q09666	891
Q09666	2780
Q09666	2062
Q09666	2524
Q09666	2717
Q09666	5098
Q09666	1524
Q09666	2589
Q09666	4992
Q09666	2592
Q09666	2652
Q09666	4945
Q09666	5774
Q09666	4606
Q09666	4142
Q09666	1794
Q09666	1336
Q09666	3425
Q09666	584
Q09666	1649
Q09666	1911
Q09666	1333
Q09666	1851
Q09666	1791
Q09666	935
Q09666	807
Q09666	4603
Q09666	4592
Q09666	4532
Q09666	4448
Q09666	4374
Q09666	4246
Q09666	4139
Q09666	4128
Q09666	4074
Q0D2J5	310
Q0D2J5	316
Q0DI31	81
Q0DI31	95
Q0JCT1	5
Q0VBD0	756
Q0VFZ6	361
Q0VFZ6	366
Q0WL38	11
Q0WPZ7	277
Q10471	420
Q11206	328
Q12220	350
Q12768	768
Q12768	920
Q12769	1006
Q12770	1086
Q12788	804
Q12788	12
Q12789	382
Q12802	1670
Q12830	833
Q12830	10
Q12830	564
Q12830	571
Q12834	33
Q12872	666
Q12873	56
Q12873	58
Q12873	64
Q12874	496
Q12879	880
Q12882	908
Q12882	898
Q12888	1175
Q12888	135
Q12888	1626
Q12894	489
Q12905	59
Q12906	419
Q12906	613
Q12908	312
Q12908	313
Q12962	189
Q12972	236
Q12981	48
Q12981	50
Q12986	292
Q13009	1397
Q13009	887
Q13023	604
Q13029	174
Q13043	59
Q13045	832
Q13061	625
Q13111	872
Q13111	870
Q13114	138
Q13123	520
Q13129	1150
Q13129	1151
Q13129	1156
Q13129	1470
Q13148	181
Q13162	250
Q13164	485
Q13164	480
Q13185	143
Q13185	21
Q13185	44
Q13217	407
Q13217	46
Q13227	327
Q13237	521
Q13243	25
Q13247	242
Q13255	740
Q13258	2
Q13283	453
Q13283	5
Q13285	100
Q13310	188
Q13310	375
Q13310	361
Q13310	524
Q13310-2	511
Q13315	1126
Q13315	1656
Q13315	2643
Q13330	582
Q13330	532
Q13370	615
Q13393	406
Q13393	132
Q13398	348
Q13415	448
Q13418	170
Q13424	109
Q13425	184
Q13427	517
Q13428	449
Q13428	124
Q13428	732
Q13435	492
Q13435	843
Q13435	268
Q13435	507
Q13439	1197
Q13442	164
Q13442	7
Q13442	126
Q13470	475
Q13509	19
Q13523	505
Q13535	746
Q13535	759
Q13547	89
Q13547	432
Q13554	299
Q13554	301
Q13555	299
Q13555	301
Q13557	299
Q13557	301
Q13557-11	301
Q13561	65
Q13576	265
Q13576	266
Q13601	247
Q13616	73
Q13620	829
Q13620	160
Q13620	815
Q13620	258
Q13620	158
Q13621	722
Q13621	735
Q13625	600
Q13627	11
Q13634	686
Q13751	1127
Q13813	1138
Q13823	16
Q13835	7
Q13838-2	36
Q13884	134
Q13885	19
Q13888	40
Q13889	121
Q13895	3
Q13895	5
Q13901	119
Q14004	725
Q14005	978
Q14008	1870
Q14008	1324
Q14008	1093
Q14103	260
Q14103	353
Q14103	218
Q14103	119
Q14103	129
Q14117	501
Q14118	626
Q14123	695
Q14126	697
Q14134	561
Q14134	469
Q14134	509
Q14137	711
Q14149	261
Q14151	829
Q14151	225
Q14152	559
Q14152	13
Q14152	36
Q14152	632
Q14152	633
Q14152	634
Q14157	420
Q14160	1507
Q14168	255
Q14172	31
Q14172	35
Q14186	280
Q14195	487
Q14202	1273
Q14204	1371
Q14204	3245
Q14232	145
Q14240-2	56
Q14240	69
Q14240	55
Q14241	38
Q14247	235
Q14247	70
Q14247	72
Q14247	272
Q14247	309
Q14247	161
Q14247	79
Q14247	124
Q14247	87
Q14247	107
Q14247	3
Q14247-2	87
Q14247-2	272
Q14247-2	235
Q14247-3	235
Q14247-3	87
Q14247-3	272
Q14258	416
Q14258	284
Q14258	283
Q14258	425
Q14258	301
Q14264	193
Q14315	2316
Q14315	35
Q14315	886
Q14318	271
Q14320	236
Q14320	5
Q14320	95
Q14324	1085
Q14332	446
Q14344	219
Q14444	675
Q14444	74
Q14444	110
Q14498	111
Q14562	539
Q14566	205
Q14568	191
Q14568	293
Q14568	282
Q14568	313
Q14571	1864
Q14624	831
Q14624	842
Q14642	400
Q14642	407
Q14643	424
Q14643	1581
Q14667	1489
Q14669	308
Q14669	123
Q14669	223
Q14671	8
Q14676	1075
Q14676	1104
Q14676	1140
Q14676	1345
Q14676	1740
Q14676	45
Q14680	639
Q14680	650
Q14683	454
Q14683	1133
Q14683	149
Q14683	713
Q14684	727
Q14684	522
Q14686	405
Q14690	378
Q14690	379
Q14690	219
Q14692	1275
Q14692	1144
Q14692	1118
Q14696	95
Q14697	48
Q14739	123
Q14739	601
Q14746	584
Q14781	283
Q14781	277
Q14789	1740
Q14789	323
Q14789	332
Q14789	945
Q147U1	140
Q147U1	149
Q147U1	229
Q147U1	252
Q147U1	257
Q147U1	261
Q14807	287
Q14814	267
Q14839	1057
Q14847	128
Q14847	92
Q14847	75
Q14863	233
Q14863	236
Q14865	336
Q14872	307
Q14978	663
Q14978	80
Q14980	853
Q14980	2114
Q14980	1803
Q149N8	951
Q14CG3	40
Q14CM0	8
Q14CS0	55
Q14CX7	219
Q14CX7	40
Q14CX7	48
Q15003	152
Q15004	15
Q15014	22
Q15019	318
Q15020	908
Q15022	5
Q15022	414
Q15022	403
Q15024	276
Q15043	266
Q15046	88
Q15047	1162
Q15047	1170
Q15047	1178
Q15047	490
Q15048	42
Q15051	331
Q15054	248
Q15056	130
Q15056	245
Q15058	213
Q15058	297
Q15058	305
Q15059	304
Q15059	305
Q15061	181
Q15075	884
Q15075	848
Q15075	178
Q15084	66
Q15121	109
Q15149	915
Q15149	926
Q15149	4480
Q15149	977
Q15149	1626
Q15170	101
Q15170	92
Q15185	33
Q15185	48
Q15185-2	33
Q15185-3	33
Q15185-4	33
Q15233	5
Q15233	190
Q15233	467
Q15269	43
Q15269	2
Q15269	691
Q15287	40
Q15287	9
Q15291	495
Q15293	81
Q15334	657
Q15361	528
Q15366-4	78
Q15366-5	78
Q15366-3	78
Q15390	261
Q15392	313
Q15397	39
Q15398	158
Q15399	416
Q15417	172
Q15417	158
Q15424	728
Q15424	805
Q15424	226
Q15465	157
Q15545	5
Q15561	91
Q15562	93
Q15596	705
Q15643	1399
Q15643	1697
Q15643	307
Q15648	152
Q15648	1006
Q15648	1160
Q15648	2
Q15648	1173
Q15651	33
Q15652	1265
Q15654	261
Q15654	224
Q15691	76
Q15691	151
Q15717	320
Q15746	1103
Q15746	1101
Q15746	603
Q15833	7
Q15907	24
Q15910-2	740
Q15910	505
Q15910	509
Q15910	510
Q15910	735
Q15911	242
Q15942	165
Q15942	201
Q15942	272
Q15942	279
Q15942	25
Q15942	295
Q15942-2	122
Q16186	34
Q16186	42
Q16513	376
Q16537	41
Q16537	449
Q16543	110
Q16576	159
Q16594	108
Q16637	51
Q16637	55
Q16647	227
Q16658	353
Q16665	391
Q16666	443
Q16695	5
Q16695	123
Q16695	57
Q16695	65
Q16695	10
Q16695	15
Q16695	24
Q16695	28
Q16695	37
Q16695	38
Q16695	80
Q16777	6
Q16778	58
Q16778	47
Q16778	109
Q16778	6
Q16816	304
Q16829	2
Q16836	312
Q16880	336
Q16881	138
Q16881	150
Q16890	123
Q17R89	3
Q17RB8	203
Q17RG1	625
Q17RL8	418
Q1ED39	101
Q1MSJ5	69
Q1MSJ5	289
Q1MSJ5	278
Q1ZZU3	223
Q27J81	1115
Q27J81	4
Q2HIK4	114
Q2KHR3	281
Q2KHR3	1550
Q2KJY2	1267
Q2LD37	2609
Q2LD37	3629
Q2LD37	4998
Q2M1P5	1208
Q2M1Z3	1002
Q2M218	382
Q2M296	41
Q2M296	323
Q2M296-3	41
Q2M2D7	92
Q2M2I8	317
Q2M389	29
Q2M389	33
Q2MYW4	76
Q2NKX8	1156
Q2NKX8	48
Q2NKX8	55
Q2NL82	42
Q2PPJ7	679
Q2PYY2	384
Q2PYY2	187
Q2PYY2	307
Q2PYY2	36
Q2Q1W2	495
Q2RAD9	5
Q2TAL5	354
Q2TAL8	247
Q2TBE0	624
Q2TBV3	203
Q2TBV3	200
Q2V985	187
Q2V985	306
Q2V985	36
Q2V985	383
Q2WGJ6	503
Q2WGJ6	508
Q2WGJ9	1304
Q2XPW0	187
Q2XPW0	306
Q2XPW0	36
Q2XPW0	383
Q2XTC2	187
Q2XTC2	227
Q2XTC2	306
Q2XTC2	36
Q2XTC2	383
Q2YDW7	231
Q32M84	288
Q32MZ4	185
Q32NC0	215
Q32P51	106
Q32P51	298
Q32P51	161
Q38HT2	187
Q38HT2	227
Q38HT2	306
Q38HT2	36
Q38HT2	383
Q38HV1	187
Q38HV1	36
Q38HV3	139
Q38HV3	179
Q38HV3	258
Q38HV3	335
Q38JJ0	139
Q38JJ0	179
Q38JJ0	335
Q38JJ0	258
Q38SD2	1054
Q3B807	548
Q3E757	75
Q3EBM1	187
Q3KQV3	467
Q3L8U1	738
Q3T8J9	1126
Q3T8J9	1496
Q3THG9	265
Q3TY93	170
Q3TY93	172
Q3UHC2	1054
Q3UMC0	118
Q3UQI9	163
Q3UT76	554
Q3UT76	552
Q3V6T2	1467
Q3V6T2	1794
Q3ZCN5	2238
Q3ZLR7	229
Q41811	21
Q42546	5
Q42681	28
Q42681	36
Q42681	5
Q42681	37
Q42681	10
Q460N5	399
Q494U1	25
Q49A26	108
Q49A26	96
Q49AL5	122
Q49AL5	116
Q49MI3	275
Q49MI3	230
Q4AC94	373
Q4ADV7	1148
Q4G0P3	2806
Q4G112	128
Q4G112	571
Q4J8P1	108
Q4J8P1	116
Q4J8P1	74
Q4JB47	29
Q4KWH8	1391
Q4V3D1	371
Q4V3D3	202
Q4VC05	15
Q52LR7	3
Q53020	120
Q53020	130
Q53020	156
Q53020	204
Q53020	231
Q53EP0	215
Q53EP0	227
Q53EQ6	93
Q53F19	292
Q53GI3	486
Q53GS7	12
Q53GS9	291
Q53H47	335
Q53H47	498
Q53H80	8
Q53LP3	217
Q53LP3	520
Q53SZ7	390
Q53SZ7	398
Q55BN9	10
Q55BN9	5
Q55BN9	80
Q55BP0	10
Q55BP0	5
Q55BP0	80
Q561S0	350
Q562F6	1070
Q562R1	192
Q562R1	51
Q562R1	62
Q562R1	69
Q569Z5	736
Q569Z5	776
Q569Z5	394
Q569Z5	344
Q569Z5	316
Q56NI9	337
Q56UQ5	135
Q56WK6	95
Q58A45	496
Q58A45	252
Q58FF3	302
Q58FF6	161
Q58FF6	259
Q58FF6	414
Q58FF7	480
Q58FF7	438
Q58FF7	165
Q58FF7	497
Q58FF8	338
Q58FF8	197
Q58FF8	208
Q58FF8	332
Q58FG1	303
Q59VN2	5
Q5ADQ0	5
Q5BJF6	580
Q5BJF6	572
Q5BKZ1	364
Q5BKZ1	166
Q5BKZ1	238
Q5DU05	841
Q5E9F8	37
Q5E9F8	28
Q5E9F8	5
Q5E9F8	10
Q5F1R6	2
Q5FWF4	218
Q5GAN3	80
Q5H9L2	164
Q5H9T9	15
Q5H9U9	477
Q5HYI7	38
Q5HYI8	231
Q5HYK7	146
Q5HYK7	147
Q5HYK7	180
Q5HZI2	237
Q5JPB2	1532
Q5JPF3	945
Q5JPT9	77
Q5JPU0	77
Q5JPU1	115
Q5JPU2	105
Q5JR01	55
Q5JR59	1075
Q5JSH3	85
Q5JSL0	5
Q5JT25	145
Q5JTH9	1110
Q5JTH9	1142
Q5JTH9	1147
Q5JU85	1478
Q5JUX0	2
Q5JV08	45
Q5JVF3	219
Q5JVG2	315
Q5JVS0	2
Q5K651	676
Q5K651	1461
Q5K651	432
Q5M759	29
Q5MNZ9	90
Q5MNZ9	89
Q5NDL2	378
Q5PRF9	348
Q5QGS0	741
Q5QNW6	109
Q5QNW6	44
Q5QNW6-2	109
Q5QNW6-2	35
Q5QP22	111
Q5QP23	111
Q5QPL9	34
Q5RHP9	188
Q5RHP9	203
Q5S003	147
Q5SLP6	3
Q5SQI0	56
Q5SQS7	166
Q5SRN2	503
Q5SSZ2	150
Q5ST30-4	1073
Q5SV16	168
Q5SW79	1215
Q5SW79	1282
Q5SW79	300
Q5SW79	440
Q5SW96	5
Q5SWX8	282
Q5SY13	7
Q5SY16	9
Q5SY16	200
Q5SYE7	1415
Q5SYE7	1424
Q5T0N1	856
Q5T0W9	964
Q5T0W9	661
Q5T0W9	385
Q5T0W9	530
Q5T0W9	338
Q5T0W9	652
Q5T0W9	672
Q5T0W9	705
Q5T0Z8	674
Q5T0Z8	684
Q5T0Z8	583
Q5T179	4
Q5T1A1	3
Q5T1A1	6
Q5T1M5	736
Q5T200	47
Q5T200	68
Q5T2D3	23
Q5T2S8	396
Q5T2S8	552
Q5T2T1	311
Q5T3I0	21
Q5T3I0	13
Q5T3I0	28
Q5T3J3	279
Q5T3J3	467
Q5T3J3	325
Q5T481	1164
Q5T5C0	1142
Q5T5P2	1872
Q5T5P2	583
Q5T5P2	1925
Q5T5P2	1082
Q5T5U3	1059
Q5T5U3	1762
Q5T5U3	1764
Q5T5U3	898
Q5T5U3	347
Q5T5U3	1111
Q5T5U3	1118
Q5T5Y3	988
Q5T5Y3	211
Q5T619	93
Q5T6F2	168
Q5T6S3	162
Q5T6S3	476
Q5T6W2	155
Q5T7C4	3
Q5T7W0	950
Q5T848	732
Q5T8A7	751
Q5T8A7	265
Q5T8P6	705
Q5T9A4	9
Q5T9S5	1116
Q5TAP6	651
Q5TAP6	306
Q5TAP6	308
Q5TAP6	297
Q5TB30	484
Q5TBB1	169
Q5TCQ9	1364
Q5TCZ1	959
Q5TEC6	19
Q5TEC6	28
Q5TEC6	37
Q5TEC6	5
Q5TEC6	10
Q5TEZ5	161
Q5TH69	398
Q5THK1	1551
Q5TI78	107
Q5TIE3	311
Q5TIE3	314
Q5TYX0	183
Q5U8S2	79
Q5UIP0	1293
Q5UIP0	1721
Q5UIP0	2367
Q5UIP0	43
Q5UIP0	519
Q5UIP0	521
Q5VIR6	292
Q5VSL9	722
Q5VT06	339
Q5VT06	1735
Q5VT06	2076
Q5VT97	332
Q5VT97	335
Q5VTD9	8
Q5VTE0	255
Q5VTE0	179
Q5VTE0	172
Q5VTE0	165
Q5VTE0	20
Q5VTE0	36
Q5VTE0	55
Q5VTE0	79
Q5VTE0	318
Q5VTE6	259
Q5VTR2	880
Q5VTR2	610
Q5VTR2	614
Q5VTR2	769
Q5VUA4	1864
Q5VUJ6	638
Q5VV41	159
Q5VW32	91
Q5VW36	577
Q5VW36	583
Q5VW36	1548
Q5VW36	1558
Q5VWJ9	354
Q5VWM5	185
Q5VWN6	2123
Q5VWN6	323
Q5VWN6	324
Q5VWX1	79
Q5VXH4	183
Q5VZ66	218
Q5VZ89	1243
Q5VZB9	225
Q5VZB9	228
Q5VZI3	158
Q5VZK9	669
Q5VZK9	918
Q5VZL5	195
Q5VZP5	870
Q5W0B1	674
Q5XEP2	516
Q5XI73	50
Q5XI73	52
Q5XIF6	40
Q5XKE5	152
Q5XKE5	233
Q5XPI4	993
Q5XPI4	991
Q5XXA6	104
Q60949	669
Q61327	5
Q62036	1033
Q62879	152
Q63226	38
Q63226	39
Q63598	447
Q63644	462
Q63HN8	307
Q63HN8	4968
Q63HN8	4974
Q63ZY3	231
Q64152	44
Q64478	6
Q64514	467
Q64522	10
Q64523	100
Q64523	96
Q64LD2	159
Q64LD2	167
Q66GS9	818
Q66K74	887
Q66K74	552
Q66K74	553
Q66K74	527
Q66LL2	166
Q66PJ3	292
Q674X7	716
Q67XT3	90
Q67YA7	244
Q67YE6	141
Q67YI9	152
Q68CJ6	29
Q68CZ2	797
Q68CZ2	1187
Q68D10	58
Q68D10	343
Q68DK7	273
Q68DK7	9
Q68DQ2	1633
Q68EF0	191
Q68EF0	196
Q68EM7	3
Q69GY4	145
Q69GY4	222
Q69GY4	26
Q69GY4	66
Q69YH5	52
Q69YH5	119
Q69YH5	13
Q69YH5	6
Q69YN4	1795
Q69YZ2	227
Q69ZF8	435
Q69ZF8	437
Q6AHZ1	416
Q6AWT8	69
Q6BDS2	1072
Q6C0C4	5
Q6C9Q0	77
Q6DD88	239
Q6DN12	13
Q6DN90	918
Q6DN90	852
Q6DT37	1200
Q6EEV6	33
Q6EIG7	12
Q6F5E8	126
Q6FI13	6
Q6FI81	163
Q6GSS7	100
Q6GYQ0	1133
Q6GZ70	114
Q6GZ72	143
Q6ICH7	135
Q6IN85	733
Q6IN85	655
Q6IN85	753
Q6IPX3	158
Q6IQ20	59
Q6IQ49	173
Q6IS14	68
Q6KC79	2121
Q6KC79	954
Q6LCW8	5
Q6LCW8	36
Q6LCW8	28
Q6LCW8	10
Q6LCW8	37
Q6LED0	28
Q6LED0	10
Q6LED0	5
Q6MZM0	258
Q6N043	559
Q6N069	24
Q6NSI4	743
Q6NSI8	670
Q6NSI8	672
Q6NT04	15
Q6NTE8	134
Q6NTF9	279
Q6NTF9-2	291
Q6NTF9-2	324
Q6NUI2	654
Q6NUK4	244
Q6NUM6	124
Q6NUQ4	69
Q6NV74	694
Q6NV74	55
Q6NVD6	132
Q6NVD6	138
Q6NVD6	144
Q6NW34	320
Q6NW34	332
Q6NXT2	64
Q6NXT2	5
Q6NXT2	56
Q6NXT2	19
Q6NXT2	10
Q6NXT2	122
Q6NYC1	100
Q6P0N0	764
Q6P0N0	1066
Q6P0N0	647
Q6P0N0	656
Q6P0Q8	1403
Q6P0Q8	1659
Q6P158	512
Q6P1J9	283
Q6P1J9	331
Q6P1K8	40
Q6P1L5	44
Q6P1M3	647
Q6P1M3	625
Q6P1Q9	113
Q6P1S2	185
Q6P2C8	134
Q6P2H3	464
Q6P2Q9	1443
Q6P2Q9	1020
Q6P2Q9	1425
Q6P2Q9	1516
Q6P2Q9	1517
Q6P2Q9	48
Q6P3S1	362
Q6P3S1	369
Q6P3S6	564
Q6P3S6	569
Q6P3W7	688
Q6P4F7	930
Q6P4R8	1196
Q6P4R8	1198
Q6P597	462
Q6P5E8	768
Q6P6T1	586
Q6P7R8	155
Q6P7R8	156
Q6P996	680
Q6P9G9	315
Q6P9S0	398
Q6P9S0	424
Q6PCD5	488
Q6PCE3	501
Q6PD62	844
Q6PEY2	338
Q6PGP7	484
Q6PHZ2	299
Q6PHZ2	301
Q6PI79	10
Q6PI79	5
Q6PIJ6	686
Q6PIW4	296
Q6PIW4	126
Q6PJF5	120
Q6PJG2	186
Q6PJG2	205
Q6PJH3	9
Q6PJP8	543
Q6PJT7	489
Q6PKG0	792
Q6PKG0	129
Q6PKX4	58
Q6Q0C0	387
Q6Q759	404
Q6Q759	957
Q6Q759	962
Q6R327	1334
Q6R327	986
Q6R327	1304
Q6R327	1312
Q6R327	1367
Q6RFH5	311
Q6RI45	1402
Q6S8J3	768
Q6SJ93	55
Q6SJ93	270
Q6SPF0	88
Q6T4R5	1524
Q6T4R5	1591
Q6T4R5	1523
Q6U7Q0	246
Q6UB98	1034
Q6UB98	1036
Q6UB98	928
Q6UB99	158
Q6UB99	160
Q6UB99	915
Q6UN15	265
Q6UWW9	144
Q6UWZ7	358
Q6UX04	372
Q6UX07	50
Q6UX15	261
Q6UXE8	264
Q6UXI9	96
Q6UXN9	2
Q6UXY8	31
Q6UY01	511
Q6V0I7	4708
Q6W2J9	1323
Q6W2J9	1325
Q6W3E5	296
Q6W3E5	303
Q6WCQ1	990
Q6WCQ1	992
Q6XBG2	162
Q6XPR3	233
Q6XUX3	792
Q6XZF7	976
Q6XZF7	469
Q6XZF7	508
Q6XZF7	507
Q6XZF7	1316
Q6XZF7	1317
Q6Y7W6	37
Q6YN16	172
Q6YN16	163
Q6YN16	29
Q6YNX6	116
Q6YP21	38
Q6ZMI0	9
Q6ZMP0	724
Q6ZMT9	162
Q6ZMT9	164
Q6ZMV7	208
Q6ZMV7	223
Q6ZN16	751
Q6ZN57	299
Q6ZN66	627
Q6ZN66	628
Q6ZN66	554
Q6ZN66	565
Q6ZNG9	25
Q6ZNJ8	92
Q6ZNL6	1301
Q6ZP24	167
Q6ZPE2	1222
Q6ZQN7	551
Q6ZQQ6	2194
Q6ZQQ6	1394
Q6ZQX7	303
Q6ZQX7	343
Q6ZR08	582
Q6ZRK6	97
Q6ZRS2	2384
Q6ZRS2	2383
Q6ZRV2	1176
Q6ZRV2	408
Q6ZRV2	1178
Q6ZS30	1999
Q6ZSB9	316
Q6ZT07	975
Q6ZT12	1141
Q6ZT12	1424
Q6ZTZ1	81
Q6ZU35	158
Q6ZU35	160
Q6ZU35	166
Q6ZU65	1028
Q6ZU80	363
Q6ZUM4	499
Q6ZUS5	138
Q6ZUT1	89
Q6ZUT1	91
Q6ZUT1	198
Q6ZUT1	200
Q6ZUT1	204
Q6ZV50	300
Q6ZV50	307
Q6ZV73	511
Q6ZV73	512
Q6ZV73	460
Q6ZVD8	1066
Q6ZW49	684
Q6ZW49	685
Q6ZW49	938
Q6ZWY9	6
Q6ZXV5	684
Q709C8	3553
Q709C8	3545
Q709F0	690
Q70E73	129
Q70E73	134
Q70EL1	542
Q71DI3	123
Q71DI3	19
Q71DI3	57
Q71DI3	65
Q71DI3	24
Q71DI3	10
Q71DI3	28
Q71DI3	37
Q71DI3	38
Q71DI3	5
Q71DI3	80
Q71F23	303
Q71F23	308
Q71LE2	10
Q71LE2	28
Q71RC2	691
Q71RC2	674
Q71U36	40
Q71U36	163
Q71U36	338
Q71U36-2	128
Q71UI9	116
Q71UI9-3	78
Q71UI9-4	90
Q71V39	165
Q725I8	8
Q726L0	266
Q726S1	257
Q729S7	611
Q72AH0	1040
Q72AN0	351
Q72BK7	445
Q72BN3	718
Q72BP0	542
Q72BV5	15
Q72C27	293
Q72CH3	107
Q72CI3	430
Q72CK1	256
Q72D12	329
Q72DC4	152
Q72DT3	18
Q72DT3	91
Q72E16	251
Q72EI7	165
Q72F77	188
Q72FD2	180
Q72FN1	213
Q72FR4	115
Q72FV4	187
Q72FY3	292
Q75N03	29
Q765P7	461
Q76FK4	574
Q76G19	412
Q76MV0	10
Q76MV0	5
Q76N23	10
Q76N23	5
Q7KV12	91
Q7KZF4	177
Q7L014	113
Q7L014	389
Q7L0Y3	315
Q7L0Y3	71
Q7L1W4	806
Q7L2H7	344
Q7L2J0	384
Q7L3B6	62
Q7L3B6	147
Q7L4E1	96
Q7L590	554
Q7L5Y9	107
Q7L7L0	6
Q7L804	387
Q7L8A9	146
Q7LBC6	926
Q7LBC6	1752
Q7LGC8	273
Q7LXK4	102
Q7LXK4	54
Q7RTS7	145
Q7RTT3	52
Q7RTT3	60
Q7RTT5	52
Q7RTT5	60
Q7TPH6	1046
Q7TSJ2	785
Q7TT50	901
Q7X9V2	82
Q7XJL1	91
Q7Z2G1	152
Q7Z2T5	609
Q7Z2T5	611
Q7Z2T5	685
Q7Z2W4	374
Q7Z2W4	360
Q7Z2Y5	818
Q7Z2Z1	712
Q7Z2Z1	715
Q7Z2Z2	804
Q7Z2Z2	278
Q7Z309	165
Q7Z333	2501
Q7Z333	1627
Q7Z333	1625
Q7Z333	2027
Q7Z340	161
Q7Z340	347
Q7Z3H1	162
Q7Z3H1	287
Q7Z3J3	994
Q7Z3J3	1556
Q7Z3J3	1579
Q7Z3U7	12
Q7Z3U7	11
Q7Z3Z3	633
Q7Z406	1469
Q7Z406	675
Q7Z406	1657
Q7Z417	293
Q7Z417	269
Q7Z417	136
Q7Z417	140
Q7Z418	187
Q7Z422	149
Q7Z478	26
Q7Z4N2	1590
Q7Z4S6	681
Q7Z4S6	778
Q7Z4V5	168
Q7Z4V5	163
Q7Z4V5	383
Q7Z570	119
Q7Z570	125
Q7Z570	771
Q7Z5H3	648
Q7Z5J4	1223
Q7Z5J4	1188
Q7Z5J4	1347
Q7Z5J4	1303
Q7Z5J4	13
Q7Z5J8	943
Q7Z5K2	541
Q7Z624	51
Q7Z624	49
Q7Z699	232
Q7Z699	224
Q7Z6E9	208
Q7Z6E9	1441
Q7Z6E9	1531
Q7Z6J6	313
Q7Z7A1	1170
Q7Z7A4	568
Q7Z7A4	576
Q7Z7B0	196
Q7Z7B0	39
Q7Z7G8	2052
Q7Z7H8	132
Q80TK0	116
Q80TP3	498
Q80TP3	502
Q80U63	719
Q80V94	1028
Q80VT5	128
Q80Y44	712
Q80Y44	729
Q80Y44	737
Q80ZS5	4
Q80ZS5	5
Q84J81	34
Q84JG2	437
Q84NI8	187
Q84NI8	227
Q84NI8	306
Q84NI8	383
Q84TD8	124
Q86L05	122
Q86SJ2	459
Q86SJ2	464
Q86SQ0	240
Q86SQ0	50
Q86SQ0	92
Q86SQ4	1186
Q86SQ4	1178
Q86SQ7	140
Q86SQ7	395
Q86SQ7	399
Q86SZ2	66
Q86TE4	253
Q86TE4	255
Q86TV6	302
Q86U70	271
Q86U86	1654
Q86U86	329
Q86UD7	92
Q86UE4	264
Q86UE4	314
Q86UE4	491
Q86UE4	261
Q86UE8	594
Q86UK0	695
Q86UK7	779
Q86UK7	263
Q86UL8	1215
Q86UP2	1053
Q86UU1	1153
Q86UX7	516
Q86UX7	371
Q86UY6	7
Q86V15	1423
Q86V40	181
Q86V48	902
Q86V59	298
Q86V81	164
Q86V81	235
Q86VD1	765
Q86VF7	1064
Q86VH2	958
Q86VI3	398
Q86VM9	229
Q86VM9	510
Q86VM9	248
Q86VN1	32
Q86VN1	34
Q86VQ1	157
Q86VY4	185
Q86W54	59
Q86W56	616
Q86W56	75
Q86W56	77
Q86W67	151
Q86W92	615
Q86WC4	321
Q86WG3	252
Q86WG5	1210
Q86X10	397
Q86X10	393
Q86X27	358
Q86X55	276
Q86X83	50
Q86X95	182
Q86X95	3
Q86XA9	2036
Q86XJ1	555
Q86XL3	883
Q86XL3	238
Q86XP1	1191
Q86XP1	266
Q86XP3	50
Q86XP3	700
Q86XP3	708
Q86Y07	443
Q86Y13	768
Q86Y38	562
Q86Y38	558
Q86YA3	879
Q86YL5	3
Q86YL5	145
Q86YP4	633
Q86YP4	550
Q86YR7	435
Q86Z20	353
Q8BGH2	248
Q8BGH2	255
Q8BH00	344
Q8BH44	453
Q8BI22	709
Q8BJW5	346
Q8BL74	96
Q8BLG0	48
Q8BMF4	357
Q8BMF4	358
Q8BMF4	363
Q8BVT3	7
Q8BVT3	11
Q8C0X2	52
Q8C0X2	57
Q8C0X2	62
Q8C0X2	67
Q8C0X2	72
Q8C0X2	77
Q8C419	1047
Q8CB76	315
Q8CB76	316
Q8CB76	321
Q8CBD1	591
Q8CBD1	653
Q8CBD1	778
Q8CDN9	274
Q8CFI7	1052
Q8CGP5	119
Q8CGP7	119
Q8CVE7	46
Q8EY59	456
Q8EYE9	197
Q8EYE9	198
Q8EYL9	101
Q8EYL9	98
Q8EZX6	2547
Q8F003	44
Q8F0R9	137
Q8F2D0	80
Q8F3B7	176
Q8F404	105
Q8F4G5	33
Q8F4Z1	253
Q8F500	375
Q8F505	242
Q8F5P9	228
Q8F648	124
Q8F699	248
Q8F6J3	434
Q8F6X4	546
Q8F6Y5	903
Q8F7C5	247
Q8F7C9	102
Q8F7C9	99
Q8F7K1	655
Q8F7K4	231
Q8F7U1	11
Q8F803	5
Q8F803	6
Q8F8Y6	188
Q8F9E6	85
Q8GTY0	55
Q8GTY0	187
Q8GTY0	79
Q8GTY0	396
Q8GTY0	261
Q8GTY0	306
Q8GUP0	98
Q8GX81	230
Q8GXU7	40
Q8H0V4	666
Q8H0V6	305
Q8H181	320
Q8H9C0	187
Q8H9C0	306
Q8H9C0	36
Q8H9C0	383
Q8IU60	314
Q8IU60	312
Q8IUC4	651
Q8IUE6	6
Q8IUE6	120
Q8IUE6	128
Q8IUF8	87
Q8IUF8	82
Q8IUH5	296
Q8IUH5	299
Q8IUR0	9
Q8IUW5	240
Q8IVE3	226
Q8IVF2	3902
Q8IVF2	2259
Q8IVF2	1606
Q8IVF2	946
Q8IVF2	1602
Q8IVF2	932
Q8IVF2	4246
Q8IVF2	2912
Q8IVF2	2919
Q8IVF2	3414
Q8IVF2	2087
Q8IVF2	2922
Q8IVF2	2926
Q8IVF2	1262
Q8IVF2	781
Q8IVF2	2754
Q8IVF2	1771
Q8IVF2	4239
Q8IVF2	2747
Q8IVF2	4232
Q8IVF2	4562
Q8IVF2	1599
Q8IVF2	1258
Q8IVF2	3407
Q8IVF2	1767
Q8IVF2	1936
Q8IVF2	4081
Q8IVF2	4077
Q8IVF2	942
Q8IVF2	3077
Q8IVF2	1764
Q8IVF2	1097
Q8IVF2	4074
Q8IVF2	4067
Q8IVF2	2417
Q8IVF2	2424
Q8IVF2	3084
Q8IVF2	2427
Q8IVF2	2431
Q8IVF2	1592
Q8IVF2	3087
Q8IVF2	3091
Q8IVF2	3909
Q8IVF2	2596
Q8IVF2	1434
Q8IVF2	3256
Q8IVF2	2589
Q8IVF2	1738
Q8IVF2	3249
Q8IVF2	3744
Q8IVF2	1757
Q8IVF2	3737
Q8IVF2	4411
Q8IVF2	939
Q8IVF2	1929
Q8IVF2	1922
Q8IVF2	1104
Q8IVF2	4576
Q8IVF2	3579
Q8IVF2	3586
Q8IVF2	3582
Q8IVF2	3572
Q8IVF2	4569
Q8IVF2	5522
Q8IVF2	5524
Q8IVF2	270
Q8IVF2	1427
Q8IVF2	2252
Q8IVF2	2094
Q8IVF2	1018
Q8IVF2	1819
Q8IVF2	1822
Q8IVF2	2974
Q8IVF2	2977
Q8IVF2	3139
Q8IVF2	3142
Q8IVF2	3304
Q8IVF2	3307
Q8IVF2	3634
Q8IVF2	3637
Q8IVF2	3799
Q8IVF2	3802
Q8IVF2	4129
Q8IVF2	4132
Q8IVF2	4459
Q8IVF2	4462
Q8IVF2	655
Q8IVF2	994
Q8IVF2	997
Q8IVF4	2809
Q8IVF4	3856
Q8IVF5	1480
Q8IVF5	69
Q8IVG5	436
Q8IVI9	113
Q8IVL0	2282
Q8IVL1	1146
Q8IVL1	1147
Q8IVL5	705
Q8IVU3	389
Q8IVV2	1987
Q8IVW4	542
Q8IW52	792
Q8IW52	801
Q8IW93	551
Q8IWB9	383
Q8IWD5	217
Q8IWE2	135
Q8IWF6	510
Q8IWI9	928
Q8IWI9	937
Q8IWQ1	144
Q8IWQ1	143
Q8IWR0	507
Q8IWS0	169
Q8IWS0	173
Q8IWV8	210
Q8IWW6	614
Q8IWW6	366
Q8IWW6	432
Q8IWX8	901
Q8IWZ3	1470
Q8IWZ4	100
Q8IWZ8	335
Q8IWZ8	123
Q8IWZ8	542
Q8IX01	1021
Q8IX05	140
Q8IX06	490
Q8IX09	51
Q8IX09	54
Q8IX12	800
Q8IX12	802
Q8IXP5	27
Q8IXQ4	335
Q8IXQ6	485
Q8IXT1	931
Q8IY57	94
Q8IY57	99
Q8IY63	316
Q8IY63	318
Q8IY67	587
Q8IY67	501
Q8IY81	788
Q8IY81	763
Q8IY81	749
Q8IY92	404
Q8IY92	405
Q8IYA6	39
Q8IYA6	30
Q8IYB3	425
Q8IYB7	38
Q8IYD1	325
Q8IYF1	26
Q8IYI6	60
Q8IYT2	442
Q8IYU2	888
Q8IYX8	202
Q8IZ21	32
Q8IZA3	205
Q8IZC6	543
Q8IZC6	544
Q8IZP2	56
Q8IZQ8	264
Q8IZT6	2260
Q8IZT8	142
Q8K1K9	342
Q8K2B3	423
Q8K2Q9	392
Q8K305	250
Q8K3H5	513
Q8L4Q6	627
Q8L5X3	193
Q8L7W1	595
Q8LAF5	148
Q8LAX0	119
Q8LCT3	84
Q8LDQ4	227
Q8LDQ4	347
Q8LE98	96
Q8N0X2	214
Q8N0X7	362
Q8N0X7	370
Q8N0X7	382
Q8N0Y7	5
Q8N0Y7	157
Q8N137	228
Q8N137	227
Q8N163	215
Q8N163	138
Q8N163	123
Q8N163-2	215
Q8N1A6	15
Q8N1G1	884
Q8N1G1	771
Q8N1G1	668
Q8N1I0	1584
Q8N1V2	237
Q8N1W2	358
Q8N1W2	583
Q8N257	47
Q8N257	109
Q8N257	58
Q8N2H4	144
Q8N2W9	9
Q8N3C0	1825
Q8N3C0	1382
Q8N3C0	1609
Q8N3D4	1219
Q8N3D4	308
Q8N3F8	670
Q8N3J5	85
Q8N3R9	88
Q8N3V7	903
Q8N3Z6	403
Q8N3Z6	412
Q8N427	81
Q8N443	296
Q8N443	304
Q8N446	34
Q8N488	40
Q8N4A0	291
Q8N4C8	590
Q8N4C9	243
Q8N4N8	541
Q8N4Q0	174
Q8N4X5	332
Q8N5A5	442
Q8N5A5	372
Q8N5C7	10
Q8N5C8	283
Q8N5J2	117
Q8N5K1	131
Q8N5K1	132
Q8N5P1	71
Q8N5R6	369
Q8N5U0	122
Q8N680	455
Q8N680	449
Q8N680	391
Q8N7B6	237
Q8N7B6	239
Q8N7H5	119
Q8N7Q0	153
Q8N7X4	218
Q8N7Z2	375
Q8N7Z2	503
Q8N815	133
Q8N859	411
Q8N884	362
Q8N884	82
Q8N884	7
Q8N884	301
Q8N895	316
Q8N8E2	404
Q8N8E3	717
Q8N8L2	250
Q8N8L2	358
Q8N8L2	73
Q8N8R7	147
Q8N8U2	133
Q8N8V4	148
Q8N8V4	156
Q8N9M1	316
Q8N9V7	1131
Q8N9V7	1132
Q8NA69	226
Q8NAP3	1082
Q8NAT2	811
Q8NAV1	7
Q8NB46	1036
Q8NBA8	271
Q8NBF6	608
Q8NBF6	622
Q8NBF6	590
Q8NBQ5	60
Q8NBQ5	62
Q8NBQ5	70
Q8NBS9	221
Q8NBU5	53
Q8NBU5	60
Q8NC51	327
Q8NC56	264
Q8NC56	266
Q8NC60	673
Q8NC67	336
Q8NC96	154
Q8NCD3	495
Q8NCD3	506
Q8NCF5	218
Q8NCL4	452
Q8NCM8	2966
Q8NCN4	420
Q8NCQ7	244
Q8NCQ7	252
Q8NCX0	212
Q8NCY6	114
Q8NCY6	297
Q8NCY6	90
Q8ND04	242
Q8ND23	761
Q8ND30	793
Q8ND56	174
Q8ND82	174
Q8ND83	475
Q8NDD1	272
Q8NDD1	85
Q8NDF8	210
Q8NDG6	1168
Q8NDH2	1835
Q8NDH2	1853
Q8NDH2	2364
Q8NDM7	1482
Q8NDV7	1237
Q8NDW4	11
Q8NE71	176
Q8NE71	163
Q8NE71	537
Q8NE71	275
Q8NE71	174
Q8NEA6	413
Q8NEB9	613
Q8NEB9	36
Q8NEB9	287
Q8NEG2	215
Q8NEL9	612
Q8NEL9	614
Q8NEL9	601
Q8NEM8	872
Q8NEM8	873
Q8NEV8	1055
Q8NEV8	776
Q8NEY1	706
Q8NEY1	1317
Q8NEY1	1320
Q8NEY1	1467
Q8NEZ4	843
Q8NF50	1180
Q8NF64	266
Q8NF91	1383
Q8NF91	2003
Q8NF91	4333
Q8NF91	5803
Q8NFA0	274
Q8NFC6	3015
Q8NFC6	3023
Q8NFC6	3050
Q8NFD5	1360
Q8NFP7	73
Q8NFP7	75
Q8NFW8	399
Q8NG31	1670
Q8NG57	26
Q8NG85	294
Q8NGN2	9
Q8NHH9	270
Q8NHJ6	362
Q8NHM5	890
Q8NHQ8	160
Q8NHQ8	167
Q8NHS4	150
Q8NHS4	21
Q8NI35	1027
Q8NI36	416
Q8NI36	431
Q8NI36	477
Q8NI77	472
Q8NI77	517
Q8NI77	534
Q8PY15	37
Q8R1M2	119
Q8RUC6	48
Q8RWX2	184
Q8RXD6	739
Q8RXN7	307
Q8S8E7	192
Q8TAA3	165
Q8TAE6	75
Q8TAG9	220
Q8TAQ2	171
Q8TAV4	192
Q8TB37	61
Q8TBA6	74
Q8TBC4	9
Q8TBC4	10
Q8TBX8	99
Q8TBZ9	55
Q8TC05	6
Q8TC05	573
Q8TC05	574
Q8TC44	99
Q8TCB0	443
Q8TCC3	114
Q8TCN5	446
Q8TCS8	569
Q8TCU4	1039
Q8TCY9	371
Q8TD10	147
Q8TD10	153
Q8TD47	53
Q8TD47	7
Q8TD57	1444
Q8TD57	2796
Q8TDD1	312
Q8TDF5	376
Q8TDI0	958
Q8TDI0	961
Q8TDJ6	2602
Q8TDM6	1091
Q8TDM6	1092
Q8TDM6	350
Q8TDQ7	172
Q8TDX5	256
Q8TE49	586
Q8TE49	692
Q8TE77	598
Q8TED1	182
Q8TED9	441
Q8TED9	383
Q8TED9	376
Q8TEK3	1359
Q8TEQ6	815
Q8TER5	1394
Q8TEW0	181
Q8TEW8	514
Q8TEW8	517
Q8TEW8	869
Q8TEW8	870
Q8TF01	703
Q8TF39	336
Q8TF39	337
Q8TF39	350
Q8TF39	352
Q8TF44	240
Q8TF72	659
Q8TF72	657
Q8TF74	110
Q8TF74	358
Q8TF74	171
Q8TF76	759
Q8VCH2	47
Q8VCH2	50
Q8VEM8	107
Q8VHG0	167
Q8VWF1	189
Q8VY06	733
Q8VYG9	155
Q8VZ59	12
Q8VZB9	90
Q8VZL7	111
Q8W491	454
Q8W4H7	179
Q8W4H7	187
Q8W4H7	227
Q8W4H7	306
Q8W4H7	36
Q8W4H7	380
Q8W4H7	383
Q8W4H7	44
Q8W4H7	55
Q8W4H7	79
Q8WTW3	377
Q8WTX9	292
Q8WUA2	460
Q8WUA4	623
Q8WUA4	148
Q8WUA7	8
Q8WUB8	206
Q8WUB8	347
Q8WUF5	87
Q8WUF5	522
Q8WUF5	314
Q8WUI4	530
Q8WUM4	751
Q8WUM4	10
Q8WUM4	471
Q8WUQ7	151
Q8WUQ7	158
Q8WUU5	21
Q8WUU5	6
Q8WUY3	2980
Q8WVC0	486
Q8WVM7	333
Q8WVM7	618
Q8WVM8	24
Q8WVS4	487
Q8WVV4	138
Q8WVV4	420
Q8WVV4-1	138
Q8WW12	152
Q8WW12	150
Q8WW12	133
Q8WW12	70
Q8WW12-3	29
Q8WW12-3	27
Q8WWA0	189
Q8WWI1	782
Q8WWI1	775
Q8WWI1	215
Q8WWI1	1455
Q8WWK9	604
Q8WWK9	605
Q8WWK9	606
Q8WWM7	553
Q8WWM7-3	3
Q8WWU7	201
Q8WWX8	157
Q8WWY3	438
Q8WWZ7	683
Q8WXD0	333
Q8WXD9	601
Q8WXD9	607
Q8WXD9	612
Q8WXF1	519
Q8WXG6	871
Q8WXG6	884
Q8WXG9	3617
Q8WXH0	676
Q8WXI9	281
Q8WXU2	135
Q8WXX0	2642
Q8WXX0	414
Q8WXX0	570
Q8WXX5	217
Q8WY21	700
Q8WY21	702
Q8WYL5	758
Q8WYL5	1041
Q8WYP5	1716
Q8WYP5	2092
Q8WYP5	505
Q8WZ42	33281
Q8WZ42	28034
Q8WZ42	28031
Q8WZ42	25023
Q8WZ42	25000
Q8WZ42	22427
Q8WZ42	17400
Q8WZ42	11528
Q8WZ64	439
Q8WZ64	922
Q8WZA2	197
Q91UZ1	1138
Q91Z83	34
Q91Z83	559
Q91Z83	640
Q91Z83	72
Q91Z83	853
Q91ZC1	288
Q91ZZ3	12
Q922F4	103
Q923T9	301
Q92466	362
Q92499	234
Q92499	461
Q92522	146
Q92522	196
Q92522	207
Q92522	210
Q92541	44
Q92541	587
Q92547	1412
Q92560	656
Q92560	658
Q92560	659
Q92572	193
Q92575	239
Q92575	301
Q92576	858
Q92576	1809
Q92576	1917
Q92576	159
Q92576	578
Q92598	388
Q92598	68
Q92608	557
Q92609	519
Q92614	463
Q92615	472
Q92616	889
Q92616	1663
Q92620	260
Q92621	1932
Q92623	165
Q92624	68
Q92667	440
Q92733	225
Q92736	2136
Q92736	2140
Q92736	3438
Q92736	3441
Q92738	602
Q92769	90
Q92769-3	60
Q92785	195
Q92785	196
Q92793	1565
Q92794	1148
Q92794	1174
Q92794	1147
Q92794	1330
Q92797	1150
Q92800	736
Q92802	509
Q92804	192
Q92804	268
Q92804	277
Q92804	576
Q92804	210
Q92817	3
Q92823	783
Q92828	221
Q92828	22
Q92830	676
Q92830	677
Q92831	638
Q92831	671
Q92831	672
Q92831	692
Q92831	78
Q92831	89
Q92833	116
Q92841	592
Q92841	274
Q92851	2
Q92878	20
Q92901	373
Q92901	250
Q92905	295
Q92945	109
Q92945	448
Q92945	71
Q92953	4
Q92954	984
Q92974	100
Q92974	376
Q93009	841
Q93052	353
Q93075	56
Q93077	6
Q93079	47
Q93079	58
Q93079	44
Q93079	109
Q93086	218
Q93088	340
Q93V54	64
Q93VI4	77
Q93W87	152
Q944A9	159
Q944G9	388
Q944G9	394
Q949S4	232
Q94AT3	260
Q94K36	40
Q94K56	278
Q94K97	190
Q95281	5
Q969E4	158
Q969G3	228
Q969G3	3
Q969J2	89
Q969P6	210
Q969Q0	44
Q969Q0	53
Q969Q0	58
Q969T7	10
Q969V6	237
Q969V6	351
Q96A00	32
Q96A00	40
Q96A08	110
Q96A08	13
Q96A08	7
Q96A33	466
Q96A33	157
Q96A33	327
Q96A73	136
Q96AG4	207
Q96AQ6	531
Q96AQ6	539
Q96AV8	58
Q96AX2	144
Q96AX9	842
Q96AY2	338
Q96AY2	340
Q96AY3	499
Q96B36	251
Q96B97	349
Q96BJ3	232
Q96BK5	252
Q96BP3	444
Q96BP3	445
Q96BR1	75
Q96BR9	298
Q96BT1	97
Q96C19	147
Q96C19	240
Q96C19	233
Q96C28	89
Q96C90	59
Q96CB8	433
Q96CB8	122
Q96CB8	192
Q96CB8	198
Q96CB8	419
Q96CP2	49
Q96CP6	535
Q96CP6	543
Q96CS2	188
Q96CS2	186
Q96CW9	437
Q96D71	471
Q96DF8	429
Q96DF8	471
Q96DF8	358
Q96DG6	199
Q96DI7	148
Q96DI7	18
Q96DI7	6
Q96DM1	257
Q96DR7	194
Q96DT5	3357
Q96DT5	3362
Q96DY7	739
Q96E09	203
Q96E39	150
Q96E39	86
Q96EB1	419
Q96EB1	420
Q96EB6	622
Q96EE3	306
Q96EI5	39
Q96EM0	299
Q96EQ9	374
Q96EQ9	372
Q96EQ9	368
Q96EV2	964
Q96EV2	302
Q96EV2	889
Q96EX3	361
Q96EZ8	74
Q96F86	139
Q96FF9	61
Q96FJ2	49
Q96FK6	364
Q96FV9	425
Q96G01	45
Q96G03	268
Q96G25	259
Q96G28	277
Q96G46	354
Q96G61	73
Q96G61	75
Q96GA7	48
Q96GD3	142
Q96GE4	442
Q96GM5	101
Q96GQ7	110
Q96GQ7	109
Q96GX5	269
Q96GZ6	212
Q96GZ6	273
Q96HA1	428
Q96HE9	212
Q96HE9	220
Q96HJ3	350
Q96HP0	1318
Q96HP0	1371
Q96HY3	80
Q96I15	89
Q96I25	58
Q96I25	24
Q96I99	218
Q96IF1	7
Q96IQ9	177
Q96IR2	759
Q96IV0	204
Q96IV0	210
Q96IZ0	227
Q96IZ0	146
Q96IZ5	156
Q96IZ6	113
Q96J01	77
Q96J02	53
Q96J66	1265
Q96J92	226
Q96JB1	3714
Q96JB1	617
Q96JF6	221
Q96JG9	3791
Q96JG9	3673
Q96JH7	1108
Q96JI7	825
Q96JI7	2182
Q96JK2	364
Q96JM2	2062
Q96JM2	2131
Q96JM2	1698
Q96JM2	1780
Q96JM2	2004
Q96JM2	674
Q96JM3	371
Q96JM3	556
Q96JM3	335
Q96JN0	400
Q96JN0	402
Q96JN0-3	1241
Q96JN0-3	1347
Q96JN2	520
Q96JP5	174
Q96JQ2	565
Q96K17	5
Q96K17	18
Q96K17	115
Q96KC8	456
Q96KK5	6
Q96KM6	459
Q96KM6	528
Q96KP6	39
Q96KQ4	393
Q96KQ4	707
Q96KQ4	382
Q96KQ7	122
Q96KQ7	445
Q96KQ7	131
Q96KQ7	114
Q96KQ7	185
Q96KQ7	189
Q96L21	170
Q96L73	501
Q96L73	2581
Q96L73	2506
Q96L73	2518
Q96L73	845
Q96L91	1459
Q96L93	1153
Q96L93	670
Q96LA8	40
Q96LB4	21
Q96LR5	44
Q96LR5	52
Q96LT9	48
Q96LT9	65
Q96LV3	14
Q96LV9	14
Q96LZ7	409
Q96M27	307
Q96M53	170
Q96M53	173
Q96M89	66
Q96M93	500
Q96M93	511
Q96ME7	18
Q96MH7	167
Q96MH7	170
Q96MM7	218
Q96MR9	263
Q96MU7	651
Q96MX3	147
Q96MX3	157
Q96MZ4	123
Q96MZ4	32
Q96N67	1962
Q96N67	1388
Q96N67	381
Q96NB1	128
Q96NB3	104
Q96NH3	788
Q96NL6	445
Q96NW4	949
Q96NW4	603
Q96NW4	626
Q96NW7	1167
Q96NX5	169
Q96P11	155
Q96P11	144
Q96P44	293
Q96P47	343
Q96P47	732
Q96P56	54
Q96P65	269
Q96PD7	260
Q96PE3	321
Q96PV0	178
Q96PV6	285
Q96PV6	294
Q96PY5	453
Q96PY5	456
Q96PY5	458
Q96PY6	805
Q96PZ2	304
Q96Q05	170
Q96Q05	174
Q96Q07	288
Q96Q15	43
Q96Q15	3619
Q96Q15	1530
Q96QC0	244
Q96QD8	38
Q96QE3	494
Q96QE3	510
Q96QE5	124
Q96QE5	122
Q96QF0	462
Q96QP1	55
Q96QP1	58
Q96QR8	136
Q96QT4	1473
Q96QU6	43
Q96QV6	6
Q96RI1	220
Q96RJ0	134
Q96RK0	586
Q96RL1	245
Q96RL7	2988
Q96RL7	2996
Q96RY5	744
Q96SI9	405
Q96ST2	783
Q96ST2	794
Q96ST3	737
Q96T37	420
Q96T51	225
Q96T51	555
Q96T52	112
Q96T58	2076
Q96T58	965
Q96T58	1843
Q96T68	495
Q96T68	504
Q96T88	650
Q96TA1	401
Q97ZX7	19
Q980A3	131
Q980A3	133
Q980A3	171
Q980A3	179
Q980A3	20
Q980B8	100
Q980B8	66
Q980B8	98
Q980K0	71
Q980K0	88
Q980Q9	30
Q980Q9	68
Q980R1	12
Q980R1	311
Q980R1	349
Q980R2	395
Q980R2	659
Q99250	1990
Q99250	1998
Q99439	160
Q99439	174
Q99439	8
Q99439-2	8
Q99459	165
Q99459	166
Q99490	685
Q99504	430
Q99523	615
Q99543	607
Q99543	606
Q99547	153
Q99547	29
Q99549	436
Q99550	886
Q99569	982
Q99590	812
Q99590	1124
Q99590	1090
Q99590	1061
Q99594	83
Q99615	155
Q99618	79
Q99623	6
Q99638	2
Q99640	126
Q99640	42
Q99661	365
Q99666	993
Q99684	8
Q99698	979
Q99705	389
Q99707	817
Q99719	363
Q99727	86
Q99729	330
Q99755	86
Q99829	190
Q99832	430
Q99832	55
Q99848	224
Q99865	2
Q99877	44
Q99877	58
Q99877	47
Q99877	109
Q99878	6
Q99879	44
Q99879	109
Q99880	44
Q99880	109
Q99880	47
Q99880	58
Q99909	52
Q99909	60
Q99959	39
Q99959	52
Q99959	112
Q99959	37
Q99961	12
Q99962	177
Q99985	656
Q99986	5
Q99996	9
Q99KI0	409
Q99ML0	425
Q99ML0	440
Q99MY8	1047
Q99NE5	44
Q99NE5	55
Q9ASR1	509
Q9BPU6	343
Q9BPZ2	2
Q9BQ39	512
Q9BQ39	432
Q9BQ39	283
Q9BQ52	101
Q9BQ52	99
Q9BQ61	118
Q9BQ61	128
Q9BQ70	192
Q9BQ75	88
Q9BQ87	474
Q9BQE3	338
Q9BQE3	163
Q9BQE4	150
Q9BQE4	133
Q9BQE5	73
Q9BQF6	20
Q9BQG0	30
Q9BQG2	413
Q9BQI6	235
Q9BQP7	333
Q9BQR3	221
Q9BRK4	607
Q9BRL6	233
Q9BRP0	8
Q9BRP0	3
Q9BRR0	82
Q9BRR8	456
Q9BRR8	461
Q9BRS2	426
Q9BRU2	6
Q9BRU9	132
Q9BRX2	254
Q9BS34	204
Q9BSI4	101
Q9BSJ2	570
Q9BSV6	87
Q9BT09	225
Q9BT25	61
Q9BTA9	29
Q9BTC0	1804
Q9BTC0	1846
Q9BTC0	2020
Q9BTE7	24
Q9BTE7	23
Q9BTF0	134
Q9BTF0	136
Q9BTF0	148
Q9BTK6	209
Q9BTU6	240
Q9BTU6	243
Q9BUB4	195
Q9BUG6	256
Q9BUJ2	172
Q9BUJ2	440
Q9BV86	154
Q9BVA1	19
Q9BVI0	177
Q9BVJ6	136
Q9BVJ6	652
Q9BVJ6	298
Q9BVJ6	307
Q9BVJ6	309
Q9BVP2	224
Q9BVS4	531
Q9BVV2	284
Q9BW04	504
Q9BW04	428
Q9BW04	480
Q9BW04	511
Q9BW04	308
Q9BW19	23
Q9BW27	631
Q9BW66	63
Q9BWT3	2
Q9BWV3	65
Q9BX10	26
Q9BX63	575
Q9BX84	14
Q9BXA9	449
Q9BXB4	738
Q9BXB5	231
Q9BXC9	239
Q9BXF3	1460
Q9BXF3	710
Q9BXF3	166
Q9BXF6	232
Q9BXG8	362
Q9BXJ9	756
Q9BXS5	326
Q9BXS6	267
Q9BXS6	271
Q9BXS6	384
Q9BXS6	186
Q9BXW6	382
Q9BXW9	992
Q9BXX2	1030
Q9BY44	471
Q9BY44	478
Q9BY77	88
Q9BY77	404
Q9BY77	418
Q9BY77	102
Q9BY77	12
Q9BY89	853
Q9BYC8	117
Q9BYG3	139
Q9BYG3	179
Q9BYI3	292
Q9BYI3	424
Q9BYJ4	93
Q9BYK8	1196
Q9BYK8	1564
Q9BYT9	31
Q9BYV6	226
Q9BYW2	556
Q9BYW2	47
Q9BYW2	1489
Q9BYW2	1461
Q9BYW2	1465
Q9BYW2	1468
Q9BYX2	209
Q9BYX2	285
Q9BYX2	283
Q9BYX7	84
Q9BZ11	187
Q9BZ29	496
Q9BZ29	1834
Q9BZ95	667
Q9BZ95	477
Q9BZC7	1128
Q9BZE4	513
Q9BZF9	493
Q9BZF9	504
Q9BZH6	738
Q9BZJ0	229
Q9BZK7	464
Q9BZL1	17
Q9BZZ5	487
Q9BZZ5	416
Q9BZZ5-2	487
Q9C029	138
Q9C099	961
Q9C0B5	431
Q9C0B5	414
Q9C0B7	63
Q9C0C2	173
Q9C0C2	954
Q9C0C2	1657
Q9C0C2	1641
Q9C0C2	2
Q9C0C2	1644
Q9C0D4	223
Q9C0D4	282
Q9C0D5	566
Q9C0F1	384
Q9C0F3	465
Q9C0G6	3099
Q9C0H9	847
Q9C5Z2	266
Q9C7V7	125
Q9C882	294
Q9CA42	520
Q9CAG1	727
Q9CPQ9	322
Q9CQH7	5
Q9CY27	22
Q9CZJ2	198
Q9D0R4	334
Q9D0R4	337
Q9D1T5	69
Q9D1T5	74
Q9D7F7	56
Q9D883	39
Q9DB60	130
Q9DCW4	203
Q9FE78	308
Q9FE78	300
Q9FFA5	173
Q9FFC0	3
Q9FFC0	12
Q9FGI9	67
Q9FGZ3	492
Q9FHI9	448
Q9FHQ6	126
Q9FI56	357
Q9FJB5	117
Q9FJX0	188
Q9FJY5	298
Q9FL61	271
Q9FMC2	73
Q9FMC2	75
Q9FMF9	17
Q9FNM0	108
Q9FNM0	146
Q9FNM0	147
Q9FXA2	310
Q9FXA2	312
Q9FXA2	318
Q9FXI7	10
Q9FXI7	15
Q9FY83	152
Q9FZ36	606
Q9FZ36	608
Q9GZL7	211
Q9GZR1	99
Q9GZR1	102
Q9GZR2	5
Q9GZR2	3
Q9GZT4	56
Q9GZT9	244
Q9GZV4	68
Q9GZY0	90
Q9H000	32
Q9H095	322
Q9H095	318
Q9H0A0	195
Q9H0B3	561
Q9H0B6	439
Q9H0C8	204
Q9H0D6	858
Q9H0D6	524
Q9H0E3	869
Q9H0G5	463
Q9H0H5	614
Q9H0H5	587
Q9H0K6	388
Q9H0K6	264
Q9H0W8	21
Q9H173	109
Q9H1E3	186
Q9H1E3	184
Q9H1E3	175
Q9H1E3	218
Q9H1E3	35
Q9H1E3	64
Q9H1E3	9
Q9H1E3	98
Q9H1E3-2	135
Q9H1E3-2	144
Q9H1I8	699
Q9H1Z8	48
Q9H1Z8	50
Q9H1Z8	57
Q9H223	319
Q9H223	327
Q9H223	330
Q9H254	1239
Q9H2A2	437
Q9H2D6	2189
Q9H2F5	3
Q9H2G2	1205
Q9H2G2	775
Q9H2G4	407
Q9H2K8	398
Q9H2L5	232
Q9H2P0	408
Q9H2P0	716
Q9H2P0	266
Q9H2P0	592
Q9H2Y7	574
Q9H307	157
Q9H329	426
Q9H361	188
Q9H3C7	399
Q9H3D4	242
Q9H3P2	446
Q9H3P2	200
Q9H3P2	190
Q9H3Q1	5
Q9H3S7	613
Q9H3S7	608
Q9H422	528
Q9H444	117
Q9H4G0	515
Q9H4G0	506
Q9H4H8	476
Q9H4I2	510
Q9H4L4	43
Q9H4L4	2
Q9H4L7	268
Q9H4Q4	269
Q9H4W6	111
Q9H553	383
Q9H582	1023
Q9H582	689
Q9H5I1	85
Q9H5I5	2552
Q9H5L6	880
Q9H5L6	667
Q9H5V9	213
Q9H5V9	222
Q9H6F5	333
Q9H6R0	396
Q9H6R4	1097
Q9H6S0	1231
Q9H6S0	1220
Q9H6S0	34
Q9H6U8	11
Q9H6W3	480
Q9H788	240
Q9H788	128
Q9H7N4	554
Q9H7N4	553
Q9H7R0	570
Q9H7S9	550
Q9H7T0	598
Q9H7Z3	101
Q9H7Z3	97
Q9H7Z3	99
Q9H814	169
Q9H875	15
Q9H8E8	218
Q9H8H0	346
Q9H8H2	830
Q9H8M2	327
Q9H8M5	540
Q9H8T0	210
Q9H8T0	276
Q9H8W5	167
Q9H8X2	198
Q9H8Y5	101
Q9H8Y5	599
Q9H910	67
Q9H910	184
Q9H910	147
Q9H974	2
Q9H981	507
Q9H9A5	256
Q9H9A6	17
Q9H9B1	153
Q9H9B1	432
Q9H9L7	8
Q9H9Q4	288
Q9H9T3	229
Q9H9Y6	693
Q9H9Y6	863
Q9H9Y6	17
Q9HAE3	130
Q9HAJ7	78
Q9HAP2	140
Q9HAU5	1266
Q9HAU5	58
Q9HB07	218
Q9HB21	173
Q9HB90	387
Q9HB96	272
Q9HBD1	768
Q9HBM0	593
Q9HBR0	744
Q9HC44	253
Q9HC44	199
Q9HC44	200
Q9HC44	203
Q9HCE1	94
Q9HCE3	262
Q9HCE3	260
Q9HCG7	904
Q9HCG8	841
Q9HCG8	2
Q9HCK1	287
Q9HCK1	1957
Q9HCM1	1429
Q9HCM7	849
Q9HCM7	858
Q9HCN4	370
Q9HD15	218
Q9HD23	425
Q9HD67	867
Q9LD55	806
Q9LD55	815
Q9LD55	850
Q9LE82	59
Q9LEX8	638
Q9LFE0	191
Q9LFE4	558
Q9LFH5	41
Q9LFS8	346
Q9LHD2	256
Q9LHD2	262
Q9LHD2	265
Q9LHS5	338
Q9LHS5	343
Q9LI74	195
Q9LI74	264
Q9LIE4	186
Q9LIF6	101
Q9LJZ4	61
Q9LM78	595
Q9LMM2	8
Q9LNB6	375
Q9LNB6	517
Q9LPT5	367
Q9LQQ6	244
Q9LSB9	552
Q9LSE4	260
Q9LSS5	267
Q9LTH7	124
Q9LTH7	134
Q9LTK0	123
Q9LV09	288
Q9LVT8	312
Q9LXC5	466
Q9LYC7	145
Q9LZK2	202
Q9LZT0	4
Q9M0N1	360
Q9M0N1	362
Q9M1H3	418
Q9M2D8	137
Q9M2D8	145
Q9M2Q7	74
Q9M2U8	98
Q9M2Y7	624
Q9M8Y1	285
Q9MAP3	109
Q9NP78	355
Q9NP80	220
Q9NP92	275
Q9NPF5	316
Q9NPG3	573
Q9NPH0	116
Q9NPH2	516
Q9NPH9	62
Q9NPI7	237
Q9NPJ3	111
Q9NPP4	5
Q9NQ88	37
Q9NQN1	266
Q9NQS1	245
Q9NQS1	230
Q9NQS7	341
Q9NQS7	917
Q9NQS7	916
Q9NQS7	630
Q9NQS7	631
Q9NQW1	355
Q9NQW6	428
Q9NQZ2	408
Q9NQZ6	20
Q9NQZ6	28
Q9NR00	97
Q9NR09	1250
Q9NR09	3675
Q9NR09	4527
Q9NR09	4534
Q9NR12	145
Q9NR21	275
Q9NR30	481
Q9NR46	7
Q9NR46	6
Q9NR48	474
Q9NR48	480
Q9NR50	134
Q9NR50	148
Q9NRA8	492
Q9NRF8	169
Q9NRG0	105
Q9NRG0	108
Q9NRG4	398
Q9NRI5	678
Q9NRI5	670
Q9NRJ4	997
Q9NRL2	1097
Q9NRW7	323
Q9NRW7	322
Q9NRY5	196
Q9NRZ9	753
Q9NRZ9	569
Q9NSB2	175
Q9NSB2	455
Q9NSB4	137
Q9NSB4	207
Q9NSB4	354
Q9NSC2	478
Q9NSC7	227
Q9NSD9	88
Q9NSE4	241
Q9NSI6	1037
Q9NSI6-2	1037
Q9NSU2	277
Q9NSV4	94
Q9NSV4	653
Q9NT68	321
Q9NTI5	1344
Q9NTJ3	4
Q9NTJ3	93
Q9NTJ3	119
Q9NTJ5	432
Q9NTK5	340
Q9NTK5	323
Q9NTZ6	926
Q9NTZ6	485
Q9NU22	3056
Q9NU22	5546
Q9NU22	781
Q9NUQ6	464
Q9NUQ6	451
Q9NUQ6	345
Q9NUV7	273
Q9NUV7	49
Q9NUX5	353
Q9NV06	353
Q9NV66	170
Q9NVH0	321
Q9NVH2	418
Q9NVI7	9
Q9NVI7	231
Q9NVI7	553
Q9NVM4	444
Q9NVM6	25
Q9NVM6	264
Q9NVM6	5
Q9NVN8	200
Q9NVU0	465
Q9NVU0	467
Q9NVU7	539
Q9NVU7	541
Q9NVV4	562
Q9NVZ3	166
Q9NVZ3	153
Q9NW08	859
Q9NW08	1013
Q9NW13	705
Q9NW13	473
Q9NW13	755
Q9NW64	139
Q9NW64	149
Q9NW64	185
Q9NW75	139
Q9NW82	32
Q9NWB6	98
Q9NWH9	1027
Q9NWK9	329
Q9NWM8	207
Q9NWR8	290
Q9NWS1	100
Q9NWS6	170
Q9NX24	56
Q9NX31	19
Q9NX65	400
Q9NX65	416
Q9NX65	420
Q9NX65	421
Q9NXB0	507
Q9NXE8	353
Q9NXF1	36
Q9NXF1	34
Q9NXG0-2	1049
Q9NXG2	26
Q9NY61	276
Q9NY65	124
Q9NY74	119
Q9NY74	478
Q9NY74	480
Q9NYA4	92
Q9NYA4	95
Q9NYF8	622
Q9NYF8	778
Q9NYF8	567
Q9NYF8	437
Q9NYF8	445
Q9NYF8-2	435
Q9NYF8-3	435
Q9NYK5	253
Q9NYL2	713
Q9NYQ6	2926
Q9NYQ8	804
Q9NYR8	45
Q9NYU1	1343
Q9NYV6	598
Q9NYY3	366
Q9NYZ3	331
Q9NYZ3	310
Q9NYZ3	215
Q9NZC9	72
Q9NZC9	63
Q9NZE8	160
Q9NZI8	465
Q9NZJ4	1435
Q9NZJ4	4439
Q9NZJ9	74
Q9NZJ9	76
Q9NZL9	6
Q9NZM1	1064
Q9NZM1	1934
Q9NZM1	1416
Q9NZM4	404
Q9NZN3	32
Q9NZN4	6
Q9NZN4	327
Q9NZN4	324
Q9NZN4	316
Q9NZN4-2	188
Q9NZN9	174
Q9NZN9	299
Q9P013	185
Q9P013	183
Q9P0I2	216
Q9P0L0	50
Q9P0U1	3
Q9P0U3	124
Q9P0U3	136
Q9P0U4	328
Q9P0U4	163
Q9P0V3	270
Q9P0V9	449
Q9P1Q5	231
Q9P1V8	73
Q9P1V8	78
Q9P1V8	89
Q9P1Y6	556
Q9P206	136
Q9P212	1541
Q9P212	1555
Q9P215	304
Q9P225	698
Q9P227	859
Q9P246	742
Q9P258	4
Q9P258	513
Q9P258	293
Q9P270	182
Q9P270	553
Q9P275	508
Q9P2B4	465
Q9P2D0	1140
Q9P2D0	1145
Q9P2D0	687
Q9P2D0	1230
Q9P2D3	2067
Q9P2D3	48
Q9P2D6	291
Q9P2D7	1164
Q9P2E9	699
Q9P2E9	51
Q9P2F6	1046
Q9P2F9	212
Q9P2F9	496
Q9P2G4	488
Q9P2J8	400
Q9P2K8	1135
Q9P2N5	815
Q9P2N5	814
Q9P2N5	734
Q9P2N5	945
Q9P2P1	21
Q9P2P5	199
Q9P2Q2	868
Q9P2R7	205
Q9P2T0	135
Q9P2Y5	215
Q9QZQ8	18
Q9S7H4	171
Q9SCN8	319
Q9SCZ9	87
Q9SE35	166
Q9SE35	143
Q9SE35	185
Q9SE35	204
Q9SE35	223
Q9SE35	242
Q9SE35	111
Q9SE35	144
Q9SE35	155
Q9SE83	513
Q9SFU6	99
Q9SGR2	234
Q9SIZ2	300
Q9SIZ2	308
Q9SKT3	76
Q9SLN1	828
Q9STH1	503
Q9SUV1	248
Q9SY74	126
Q9SYL7	442
Q9SYP1	393
Q9SZR1	461
Q9T0I6	1543
Q9UBB9	69
Q9UBC5	659
Q9UBF2	24
Q9UBF2	145
Q9UBF8	290
Q9UBI1	137
Q9UBI9	195
Q9UBL3	301
Q9UBP0	236
Q9UBR5	18
Q9UBR5	22
Q9UBS3	35
Q9UBT2-2	175
Q9UBT2	271
Q9UBU9	230
Q9UBW5	237
Q9UDY2	730
Q9UDY2	460
Q9UEE9	194
Q9UEE9	219
Q9UEE9	237
Q9UET6	281
Q9UEW3	246
Q9UEW8	320
Q9UEW8	312
Q9UEY8	340
Q9UFE4	743
Q9UFE4	114
Q9UFH2	3593
Q9UFH2	3843
Q9UFH2	3853
Q9UFN0	166
Q9UG63	326
Q9UGI8	80
Q9UGI8	88
Q9UGJ0	62
Q9UGJ1	21
Q9UGP4	328
Q9UGP8	403
Q9UGP8	402
Q9UH03	30
Q9UH77	518
Q9UHB6	280
Q9UHB6	198
Q9UHB6	449
Q9UHB6	447
Q9UHB6	292
Q9UHB7	769
Q9UHD8	322
Q9UHD8	3
Q9UHD8	2
Q9UHD8	320
Q9UHD8	28
Q9UHF7	159
Q9UHG0	251
Q9UHI6	720
Q9UHI6	487
Q9UHQ9	130
Q9UHQ9	139
Q9UHX1	72
Q9UI08-2	401
Q9UI10-2	277
Q9UIF9	585
Q9UIG0	344
Q9UIG0	175
Q9UIG0	181
Q9UIS9	172
Q9UIS9	595
Q9UJ68	49
Q9UJ68	41
Q9UJA5	145
Q9UJF2	1135
Q9UJF2	662
Q9UJS0	379
Q9UJS0	484
Q9UJS0	453
Q9UJU6	288
Q9UJU6	172
Q9UJU6	144
Q9UJU6	164
Q9UJV8	188
Q9UJV9	366
Q9UJW3	354
Q9UJX2	522
Q9UJX3	551
Q9UJY5	183
Q9UK58	512
Q9UK61	586
Q9UK61	711
Q9UK61	1037
Q9UK61	360
Q9UK76	148
Q9UK76	8
Q9UK76-2	8
Q9UKA1	395
Q9UKA4	438
Q9UKA4	529
Q9UKB1	179
Q9UKB3	183
Q9UKI2	10
Q9UKI2	15
Q9UKJ3	188
Q9UKK9	218
Q9UKK9	205
Q9UKL3	306
Q9UKM9	4
Q9UKM9	146
Q9UKN7	578
Q9UKN7	577
Q9UKN7	584
Q9UKN8	165
Q9UKU9	86
Q9UKV3	81
Q9UKV3	654
Q9UKV3	143
Q9UKV3	1253
Q9UKV3	113
Q9UKV3	103
Q9UKW4	735
Q9UKW4	737
Q9UKX3	130
Q9UKX3	551
Q9UKX7	275
Q9UKX7	62
Q9UKX7	59
Q9UKX7-2	247
Q9UL16	431
Q9UL36	232
Q9UL46	3
Q9ULC5	241
Q9ULC8	720
Q9ULC8	300
Q9ULD2	790
Q9ULD2	786
Q9ULD2	180
Q9ULD2	1091
Q9ULG3	105
Q9ULH7	293
Q9ULH7	87
Q9ULH7	381
Q9ULI1	1718
Q9ULJ6	404
Q9ULJ7	1269
Q9ULJ7	1284
Q9ULJ7	1278
Q9ULL5	1161
Q9ULL5	1163
Q9ULL5	1665
Q9ULL5	1656
Q9ULW0	604
Q9ULX3	275
Q9UM73	1610
Q9UM73	1451
Q9UM73	1455
Q9UM82	416
Q9UM82	269
Q9UM82	510
Q9UMN6	1161
Q9UMN6	1934
Q9UMN6	2203
Q9UMN6	180
Q9UMN6	797
Q9UMN6	1866
Q9UMN6	541
Q9UMQ3	194
Q9UMY1	178
Q9UN37	23
Q9UN71	190
Q9UN76	5
Q9UNA4	551
Q9UNA4	555
Q9UNE7	41
Q9UNE7	72
Q9UNE7	2
Q9UNE7	4
Q9UNF1	453
Q9UNH5	422
Q9UNH6	83
Q9UNH6	81
Q9UNP9	185
Q9UNP9	254
Q9UNQ2	23
Q9UNX3	103
Q9UNX3	2
Q9UNY5	314
Q9UNZ2	124
Q9UNZ2	247
Q9UNZ2	251
Q9UP95	757
Q9UPA5	3413
Q9UPM8	696
Q9UPN3	7375
Q9UPN3	6604
Q9UPN3	1026
Q9UPN3	6160
Q9UPN4	730
Q9UPN4	200
Q9UPN4	214
Q9UPP1	244
Q9UPQ0	171
Q9UPQ0	162
Q9UPQ0	588
Q9UPQ4	138
Q9UPQ9	1051
Q9UPS6	394
Q9UPS6	309
Q9UPS6	41
Q9UPS8	1523
Q9UPV0	1132
Q9UPZ6	1245
Q9UPZ9	491
Q9UQ26	49
Q9UQ26	52
Q9UQ26	56
Q9UQ35	90
Q9UQ35	1588
Q9UQ35	239
Q9UQ35	285
Q9UQ35	824
Q9UQ49	426
Q9UQ80	260
Q9UQ80	172
Q9UQ80	199
Q9UQ84	743
Q9UQ88	782
Q9UQC2	542
Q9UQD0	509
Q9UQE7	997
Q9UQE7	245
Q9UQE7	409
Q9UQE7	427
Q9UQE7	429
Q9UQE7	445
Q9UQE7	486
Q9UQM7	298
Q9UQM7	258
Q9UQM7	300
Q9UQN3	7
Q9UQN3	6
Q9UQR0	123
Q9UQR1	291
Q9UTI8	55
Q9WV85	29
Q9WVQ0	665
Q9WVQ0	673
Q9XEE4	6
Q9XI28	54
Q9Y224	72
Q9Y230	415
Q9Y230	67
Q9Y232	314
Q9Y232	135
Q9Y232	157
Q9Y247	5
Q9Y262	558
Q9Y266	327
Q9Y266	329
Q9Y281	19
Q9Y281	96
Q9Y2A4	539
Q9Y2A7	83
Q9Y2D4	189
Q9Y2G9	568
Q9Y2H5	41
Q9Y2H9	1262
Q9Y2I7	43
Q9Y2I7	145
Q9Y2I9	721
Q9Y2I9	723
Q9Y2J2	739
Q9Y2K5	852
Q9Y2K6	553
Q9Y2K7	783
Q9Y2K7	784
Q9Y2L1	331
Q9Y2P4	183
Q9Y2R0	48
Q9Y2S6	46
Q9Y2S6	32
Q9Y2S6	50
Q9Y2T2	283
Q9Y2U5	260
Q9Y2W1	500
Q9Y2W1	711
Q9Y2W1	202
Q9Y2W1	252
Q9Y2W1	442
Q9Y2W1	756
Q9Y2W1	817
Q9Y2W2	169
Q9Y2X0	808
Q9Y2X7	517
Q9Y2Z2	245
Q9Y2Z2	533
Q9Y383	166
Q9Y394	321
Q9Y3A2	108
Q9Y3A2	114
Q9Y3A4	7
Q9Y3L3	147
Q9Y3L3	143
Q9Y3L3	142
Q9Y3L3	3
Q9Y3M9	733
Q9Y3Q7	440
Q9Y3R5	693
Q9Y448	268
Q9Y483	378
Q9Y483	45
Q9Y483	30
Q9Y483	412
Q9Y483	416
Q9Y485	2582
Q9Y490	2115
Q9Y490	428
Q9Y4A5	2405
Q9Y4A5	1691
Q9Y4B5	1377
Q9Y4C0	636
Q9Y4C1	839
Q9Y4C4	10
Q9Y4C8	536
Q9Y4E8	363
Q9Y4E8	259
Q9Y4G6	2477
Q9Y4G6	2482
Q9Y4H2	1134
Q9Y4H2	1170
Q9Y4I1	1050
Q9Y4K1	917
Q9Y4K1	793
Q9Y4K1	166
Q9Y4K1	266
Q9Y4K1	988
Q9Y4L5	26
Q9Y4P3	417
Q9Y4W2	139
Q9Y4X4	313
Q9Y512	255
Q9Y520	1172
Q9Y520	435
Q9Y520	2129
Q9Y520	392
Q9Y520	27
Q9Y520	29
Q9Y536	125
Q9Y546	349
Q9Y574	169
Q9Y580	199
Q9Y580	45
Q9Y597	750
Q9Y5A6	349
Q9Y5B6	123
Q9Y5B6	121
Q9Y5B9	280
Q9Y5B9	156
Q9Y5E4	7
Q9Y5F8	97
Q9Y5J5	106
Q9Y5K6	397
Q9Y5K6	495
Q9Y5K8	20
Q9Y5K8	4
Q9Y5Q8	328
Q9Y5Q8	341
Q9Y5Q8	355
Q9Y5Q8	339
Q9Y5Q8	367
Q9Y5S2	1526
Q9Y5S2	1337
Q9Y5S2	1528
Q9Y5T5	530
Q9Y5V3	147
Q9Y5W7	496
Q9Y5X1	267
Q9Y5X2	103
Q9Y5X3	367
Q9Y5X3	365
Q9Y5Y5	169
Q9Y5Y6	21
Q9Y5Y7	298
Q9Y5Z6	190
Q9Y603	310
Q9Y613	635
Q9Y614	62
Q9Y617	333
Q9Y620	226
Q9Y623	862
Q9Y623	1097
Q9Y623	1087
Q9Y623	1030
Q9Y623	857
Q9Y657	7
Q9Y657	2
Q9Y678	145
Q9Y6A5	51
Q9Y6A5	54
Q9Y6C5	655
Q9Y6G9	435
Q9Y6I4	354
Q9Y6J0	2173
Q9Y6K5	958
Q9Y6M1	487
Q9Y6M1	78
Q9Y6M1	77
Q9Y6M4	91
Q9Y6Q5	326
Q9Y6Q9	1091
Q9Y6Q9	840
Q9Y6T7	408
Q9Y6U3	500
Q9Y6U3	489
Q9Y6V0	1528
Q9Y6V7	444
Q9Y6X0	725
Q9Y6X0	1024
Q9Y6X9	683
Q9Y6Y8	484
Q9Z0E1	306
Q9Z148	167
Q9Z148	239
Q9Z206	368
Q9Z206	375
Q9Z206	377
Q9Z2D7	366
Q9Z2D7	410
Q9Z2H5	515
Q9Z2Y3	203
Q9ZP06	249
Q9ZPW5	132
Q9ZU52	387
Q9ZUM1	407
Q9ZWA5	848
A0A075B759	125
A0A075B7D9	119
A0A075B7F2	207
A0A087WT21	144
A0A087WTK3	11
A0A087WTM9	201
A0A087WTY0	424
A0A087WV01	165
A0A087WV01	316
A0A087WV01	55
A0A087WV69	399
A0A087WV96	127
A0A087WVQ9	297
A0A087WVQ9	55
A0A087WWY2	52
A0A087WX22	39
A0A087WXA8	368
A0A087WXN4	192
A0A087WXN4	198
A0A087WXN9	460
A0A087WXR7	139
A0A087WY61	853
A0A087WZ13	691
A0A087WZL0	428
A0A087X0P0	1560
A0A087X1J6	484
A0A087X1U1	608
A0A087X1W1	189
A0A087X286	22
A0A0A0MQZ3	388
A0A0A0MRC9	37
A0A0A0MSS2	2250
A0A0B4J1X7	460
A0A0B4J2A2	91
A0A0B4J2A2	125
A0A0C4DG51	120
A0A0C4DGH6	727
A0A0D9SEQ1	128
A0A0D9SER3	122
A0A0D9SFG7	122
A0A0D9SFI5	130
A0A0D9SFS4	122
A0A0D9SFX4	190
A0A0G2JHL3	168
A0A0G2JP21	494
A0A0G2JRP8	467
A0A0R4J2E1	3
A0A140G945	88
A0A140G945-2	51
A0A1B0GTU3	1102
A0A1B0GU48	122
A0A1B0GUD1	153
A0A1B0GUJ8	66
A0A1B0GV09	122
A0A1B0GV47	756
A0A1B0GV89	25
A0A1B0GVS8	4
A0A1B0GVX7	1047
A0A1B0GVZ8	135
A0A1B0GW79	145
A0A2R8Y619	105
A0AV96	263
A0AVI2	1876
A0AVI2	1257
A0FGR8	405
A0JNW5	950
A0JNW5	1077
A0MZ66	406
A1L390	406
A1X283	821
A1X283	619
A2A2Y4	327
A2A305	168
A2ABF8	171
A2ABF8	242
A2ABF8	246
A2ALW2	362
A2ASS6	32082
A2RTX5	662
A2RTX5	663
A2XHJ3	5
A2Y533	5
A3FIN4	392
A4D1B5	736
A4D1E1	113
A4FVN8	212
A4GSN8	1136
A4GSN8	1304
A4GSN8	1493
A4GSN8	31
A4GSN8	704
A4GSN8	735
A4GSN8	781
A4RCX7	5
A4UGR9	1877
A4UGR9	1944
A5A3E0	768
A5PKW4	910
A5PKW4	912
A6H8Y1	354
A6H8Y1	359
A6NC57	579
A6NC57	588
A6NCF6	194
A6NCV1	300
A6ND36	747
A6ND36	463
A6ND36	251
A6NDB9	442
A6NDI0	202
A6NE01	187
A6NEL2	434
A6NHL2	103
A6NI28	731
A6NIR3	264
A6NJ78	70
A6NJG2	45
A6NJT0	199
A6NKD9	416
A6NKT7	994
A6NKT7	1579
A6NL08	296
A6NL08	300
A6NL76	86
A6NMY6	313
A6NMY6	227
A6PW80	55
A6PWY4	282
A7YQ68	514
A8CG34	405
A8HVA3	80
A8K7Q2	325
A8MR76	285
A8MRL0	108
A8MRL0	56
A8MRL0	65
A8MRL0	66
A8MUU1	16
A8MUU1	6
A8MW92	75
A8MX80	73
A8R7K9	750
A8TX70	408
A9UF07	1349
B0I1T2	140
B0I1T2	518
B1AK53	836
B1AKS2	49
B1AKS3	22
B1AL40	11
B1AL42	11
B1AL69	147
B1AQ74	385
B2RPK0	59
B2RTY4	1885
B2RU80	310
B2RXF5	247
B2RXH8	176
B2RXH8	39
B3H684	71
B3KT78	24
B3KUH8	55
B3KUH8	58
B4DEB1	80
B4DHB9	163
B4DHB9	180
B4DIA2	680
B4DR24	209
B4DXM8	328
B4DXM8	329
B4DXR9	425
B4DXW7	3
B4DYI2	863
B4E0R2	55
B4E0R2	58
B5MCX3	278
B7WPH3	3
B7Z8M0	204
B7Z8Z6	457
B7ZB98	19
B7ZL33	57
B7ZW38	176
B7ZW38	39
B8ZZJ2	85
B9DFQ9	126
B9EGQ5	343
B9EJA2	1604
B9EJA2	1613
C0HKE1	119
C0HKE9	120
C0HL66	10
C0HL66	15
C0HL66	28
C0HL66	37
C0HL66	80
C0HL66	38
C0HL66	5
C0HL67	10
C0HL67	15
C0HL67	28
C0HL67	37
C0HL67	38
C0HL67	5
C0HL67	80
C0Z2J1	103
C9IYK1	376
C9IZL8	123
C9J494	32
C9JC48	70
C9JFL5	85
C9JL08	157
C9JR00	68
C9JRZ8	222
C9JRZ8	128
C9JRZ8	135
C9JRZ8-2	250
C9JSK5	123
C9JUM1	84
C9JZR7	84
D3ZH66	285
D6RBW1	12
D6RBW1	11
D6RC17	291
D6RCC7	291
D6RDG3	2
E5RFT1	89
E7EMB3	163
E7EPF5	143
E7EQJ3	96
E7EQJ3	99
E7EQN5	439
E7ES08	179
E7ESH4	233
E7ET15	914
E7EU04	48
E7EUN2	927
E7EV03	226
E7EV03	293
E7EVS6	84
E9PAU2	708
E9PAV3	2007
E9PAV3	1941
E9PAV3	1971
E9PAV3	1976
E9PB94	197
E9PBA8	3
E9PCM6	282
E9PDH4	145
E9PDP5	1489
E9PDY7	92
E9PFQ4	92
E9PG73	502
E9PI26	36
E9PIP6	515
E9PKE3	542
E9PLY5	984
E9PM13	113
E9PNE6	415
E9PNL0	42
E9PNZ4	1175
E9PP16	635
E9PP40	42
E9PRP5	42
E9PS65	152
E9PUM4	2531
E9Q3L2	1476
E9Q3L2	1477
E9Q401	3437
E9Q401	3440
E9Q616	2306
E9Q616	5087
E9Q6A7	1852
E9Q6J5	319
E9Q6J5	322
F0NB90	228
F0NB90	94
F0NB92	14
F0NB93	300
F0NB93	325
F0NB93	85
F0NB95	26
F0NB96	26
F0NB98	6
F0NB99	449
F0NB99	124
F0NBA3	226
F0NBA3	30
F0NBA3	313
F0NBA3	324
F0NBA3	404
F0NBA3	416
F0NBA3	485
F0NBA3	560
F0NBA3	430
F0NBA4	130
F0NBA4	136
F0NBA4	200
F0NBA4	28
F0NBA4	30
F0NBA4	302
F0NBA5	112
F0NBA5	136
F0NBA5	137
F0NBA5	16
F0NBA5	209
F0NBA5	243
F0NBA5	205
F0NBA6	15
F0NBA6	7
F0NBA7	216
F0NBA8	12
F0NBA8	182
F0NBA8	200
F0NBA8	211
F0NBA9	64
F0NBA9	9
F0NBA9	92
F0NBB0	13
F0NBB0	65
F0NBB1	18
F0NBB1	283
F0NBB1	325
F0NBB1	490
F0NBB2	244
F0NBB3	154
F0NBB3	273
F0NBB3	343
F0NBB3	82
F0NBB6	262
F0NBB8	22
F0NBC0	28
F0NBC1	270
F0NBC1	200
F0NBC3	121
F0NBC3	24
F0NBC3	78
F0NBC4	26
F0NBC6	50
F0NBC7	129
F0NBC7	196
F0NBC9	178
F0NBC9	517
F0NBD0	264
F0NBD1	121
F0NBD1	148
F0NBD1	26
F0NBD4	129
F0NBD6	139
F0NBD6	406
F0NBD6	472
F0NBD6	48
F0NBD6	585
F0NBD7	184
F0NBD7	191
F0NBD7	56
F0NBD8	124
F0NBD8	253
F0NBE1	258
F0NBE1	264
F0NBE3	17
F0NBE3	50
F0NBE3	57
F0NBE5	7
F0NBE7	154
F0NBF0	96
F0NBF1	77
F0NBF1	97
F0NBF3	74
F0NBF3	79
F0NBF5	20
F0NBF6	200
F0NBF6	201
F0NBF6	74
F0NBF6	82
F0NBF9	514
F0NBF9	70
F0NBG0	147
F0NBG1	176
F0NBG1	116
F0NBG3	140
F0NBG3	95
F0NBG4	126
F0NBG4	38
F0NBG4	43
F0NBG5	105
F0NBG5	125
F0NBG5	128
F0NBG5	405
F0NBG5	416
F0NBG5	441
F0NBG5	333
F0NBG7	5
F0NBG8	106
F0NBG8	60
F0NBG9	198
F0NBG9	223
F0NBG9	297
F0NBG9	41
F0NBG9	107
F0NBH0	126
F0NBH0	129
F0NBH0	160
F0NBH0	545
F0NBH0	565
F0NBH0	571
F0NBH0	578
F0NBH0	588
F0NBH0	59
F0NBH0	99
F0NBH1	131
F0NBH1	142
F0NBH1	185
F0NBH1	19
F0NBH1	31
F0NBH1	39
F0NBH1	54
F0NBH1	84
F0NBH1	112
F0NBH2	40
F0NBH2	71
F0NBH3	87
F0NBH3	98
F0NBH3	104
F0NBH4	131
F0NBH4	198
F0NBH4	278
F0NBH4	368
F0NBH4	421
F0NBH4	422
F0NBH4	432
F0NBH4	471
F0NBH5	111
F0NBH6	21
F0NBH7	29
F0NBH8	117
F0NBH8	74
F0NBH9	25
F0NBH9	61
F0NBH9	69
F0NBH9	75
F0NBI0	880
F0NBI0	642
F0NBI1	162
F0NBI1	157
F0NBI3	210
F0NBI4	113
F0NBI4	114
F0NBI4	288
F0NBI4	87
F0NBI4	91
F0NBI5	234
F0NBI5	58
F0NBI5	76
F0NBI5	131
F0NBI6	78
F0NBI7	157
F0NBI7	276
F0NBI7	303
F0NBI7	85
F0NBI8	89
F0NBI8	40
F0NBI8	156
F0NBI8	148
F0NBI9	99
F0NBJ1	259
F0NBK1	100
F0NBK1	365
F0NBK6	53
F0NBK6	244
F0NBK6	250
F0NBK6	54
F0NBL5	185
F0NBL5	64
F0NBL5	65
F0NBL5	295
F0NBL8	58
F0NBL8	18
F0NBL9	144
F0NBL9	64
F0NBL9	75
F0NBM0	12
F0NBM0	190
F0NBM1	50
F0NBM2	81
F0NBM3	299
F0NBM3	329
F0NBM3	394
F0NBM3	407
F0NBM3	455
F0NBM3	462
F0NBM3	685
F0NBM3	669
F0NBM9	84
F0NBN0	142
F0NBN1	366
F0NBN8	203
F0NBN8	49
F0NBP0	21
F0NBP3	21
F0NBP3	54
F0NBP3	19
F0NBP4	123
F0NBP4	65
F0NBP4	86
F0NBP9	137
F0NBP9	200
F0NBP9	74
F0NBQ0	11
F0NBQ0	154
F0NBQ0	18
F0NBQ0	20
F0NBQ0	31
F0NBQ1	19
F0NBQ2	115
F0NBQ2	117
F0NBQ3	36
F0NBQ3	48
F0NBQ4	156
F0NBQ4	170
F0NBQ4	55
F0NBQ4	114
F0NBQ5	149
F0NBQ5	238
F0NBQ5	239
F0NBQ5	285
F0NBQ5	62
F0NBQ5	81
F0NBQ5	110
F0NBQ6	130
F0NBQ6	165
F0NBQ6	32
F0NBQ6	56
F0NBQ6	233
F0NBQ6	62
F0NBQ7	178
F0NBQ7	240
F0NBQ7	82
F0NBQ8	155
F0NBQ8	442
F0NBQ8	74
F0NBQ9	33
F0NBR2	188
F0NBR2	74
F0NBR3	143
F0NBR3	288
F0NBR3	290
F0NBR3	306
F0NBR3	334
F0NBR3	406
F0NBR3	469
F0NBR4	132
F0NBR4	63
F0NBR7	135
F0NBR8	520
F0NBR8	129
F0NBR8	159
F0NBR8	299
F0NBR8	343
F0NBR8	351
F0NBR8	396
F0NBR8	581
F0NBR8	73
F0NBR9	30
F0NBR9	68
F0NBS0	140
F0NBS0	298
F0NBS0	41
F0NBS0	490
F0NBS0	519
F0NBS0	827
F0NBS0	962
F0NBS1	113
F0NBS1	395
F0NBS1	518
F0NBS1	659
F0NBS1	680
F0NBS1	770
F0NBS1	791
F0NBS1	864
F0NBS2	364
F0NBS2	5
F0NBS2	15
F0NBS3	59
F0NBS3	81
F0NBS3	103
F0NBS4	21
F0NBS4	68
F0NBS6	149
F0NBS7	156
F0NBS7	75
F0NBS8	119
F0NBS8	153
F0NBS8	167
F0NBS8	175
F0NBS8	208
F0NBS8	264
F0NBS8	288
F0NBS8	36
F0NBS8	375
F0NBS8	39
F0NBS8	394
F0NBS8	431
F0NBS8	46
F0NBS8	50
F0NBS8	54
F0NBS9	30
F0NBT7	109
F0NBT7	18
F0NBT7	325
F0NBU0	343
F0NBU1	230
F0NBU1	91
F0NBU2	123
F0NBU2	214
F0NBV0	150
F0NBV0	296
F0NBV0	318
F0NBV0	387
F0NBV0	395
F0NBV0	439
F0NBV0	445
F0NBV0	449
F0NBV0	55
F0NBV0	84
F0NBV0	132
F0NBV3	121
F0NBV3	134
F0NBV3	145
F0NBV3	47
F0NBV3	113
F0NBV4	110
F0NBV4	154
F0NBV4	169
F0NBV4	35
F0NBV5	102
F0NBV5	132
F0NBV7	25
F0NBV7	33
F0NBV7	61
F0NBV7	87
F0NBV8	116
F0NBV8	72
F0NBV8	71
F0NBV9	40
F0NBV9	57
F0NBW5	16
F0NBW5	17
F0NBW5	4
F0NBW6	15
F0NBW7	23
F0NBW7	49
F0NBW7	12
F0NBW8	118
F0NBW8	19
F0NBW8	209
F0NBW8	218
F0NBW8	282
F0NBW8	9
F0NBW9	74
F0NBW9	89
F0NBX0	123
F0NBX0	145
F0NBX0	257
F0NBX0	389
F0NBX0	397
F0NBX0	347
F0NBX7	33
F0NBX8	165
F0NBX8	541
F0NBX8	542
F0NBY0	17
F0NBY1	289
F0NBY9	322
F0NBZ1	21
F0NBZ3	208
F0NBZ5	149
F0NBZ5	366
F0NBZ6	8
F0NBZ9	251
F0NC00	154
F0NC00	123
F0NC04	331
F0NC04	37
F0NC04	41
F0NC04	57
F0NC08	100
F0NC08	110
F0NC09	146
F0NC09	392
F0NC11	17
F0NC11	220
F0NC11	27
F0NC11	300
F0NC11	78
F0NC13	349
F0NC13	289
F0NC14	337
F0NC14	68
F0NC14	9
F0NC15	134
F0NC15	94
F0NC16	81
F0NC18	157
F0NC18	213
F0NC18	269
F0NC18	32
F0NC21	154
F0NC21	251
F0NC22	221
F0NC23	144
F0NC23	296
F0NC23	80
F0NC23	83
F0NC25	76
F0NC26	47
F0NC26	613
F0NC29	337
F0NC29	371
F0NC29	406
F0NC29	331
F0NC30	418
F0NC31	159
F0NC34	2
F0NC34	94
F0NC36	285
F0NC39	131
F0NC39	184
F0NC39	20
F0NC39	216
F0NC39	218
F0NC39	306
F0NC39	315
F0NC39	320
F0NC39	68
F0NC44	288
F0NC55	27
F0NC56	113
F0NC56	52
F0NC56	54
F0NC60	239
F0NC60	288
F0NC60	368
F0NC60	431
F0NC60	106
F0NC61	48
F0NC61	52
F0NC61	120
F0NC65	115
F0NC65	151
F0NC65	152
F0NC65	202
F0NC65	278
F0NC65	409
F0NC65	501
F0NC65	518
F0NC66	143
F0NC66	290
F0NC66	49
F0NC67	523
F0NC67	457
F0NC67	506
F0NC67	351
F0NC67	272
F0NC67	187
F0NC68	2
F0NC68	256
F0NC68	313
F0NC69	30
F0NC69	55
F0NC70	255
F0NC70	135
F0NC71	118
F0NC72	11
F0NC73	227
F0NC73	340
F0NC73	493
F0NC73	498
F0NC73	616
F0NC73	69
F0NC73	810
F0NC73	857
F0NC73	874
F0NC73	919
F0NC73	975
F0NC76	330
F0NC77	50
F0NC77	100
F0NC81	105
F0NC81	192
F0NC81	492
F0NC84	308
F0NC84	337
F0NC86	78
F0NC87	182
F0NC87	370
F0NC87	8
F0NC88	286
F0NC88	299
F0NC88	34
F0NC88	84
F0NC89	136
F0NC89	126
F0NC91	183
F0NC97	231
F0NC97	232
F0NC98	246
F0NC98	310
F0NC98	376
F0NC98	401
F0NC98	74
F0NC98	375
F0NCA0	144
F0NCA0	169
F0NCA0	82
F0NCA1	156
F0NCA1	232
F0NCA1	216
F0NCA7	299
F0NCA7	211
F0NCA9	61
F0NCB0	297
F0NCB0	97
F0NCB2	216
F0NCB2	387
F0NCB2	485
F0NCB2	692
F0NCB2	693
F0NCB2	710
F0NCB2	751
F0NCB2	675
F0NCB4	133
F0NCB4	16
F0NCB4	169
F0NCB4	199
F0NCB4	239
F0NCB4	243
F0NCB4	58
F0NCB5	208
F0NCB5	96
F0NCB7	216
F0NCB7	134
F0NCC1	176
F0NCC1	259
F0NCC1	266
F0NCC1	342
F0NCC1	441
F0NCC1	500
F0NCC1	594
F0NCC1	685
F0NCC1	717
F0NCC1	892
F0NCC1	960
F0NCC1	997
F0NCC1	950
F0NCC2	130
F0NCC2	29
F0NCC7	123
F0NCC7	15
F0NCC9	112
F0NCD1	124
F0NCD2	33
F0NCD3	69
F0NCE0	170
F0NCE0	236
F0NCE0	239
F0NCE0	147
F0NCE3	12
F0NCE3	168
F0NCE3	169
F0NCE3	17
F0NCE3	176
F0NCE3	341
F0NCE3	44
F0NCE3	73
F0NCE3	81
F0NCE3	89
F0NCE3	104
F0NCE4	116
F0NCE4	131
F0NCE4	16
F0NCE4	211
F0NCE4	41
F0NCE5	337
F0NCE5	85
F0NCE5	11
F0NCE6	176
F0NCE6	237
F0NCE6	367
F0NCE6	487
F0NCE6	10
F0NCE7	573
F0NCF0	14
F0NCF0	147
F0NCF0	151
F0NCF0	16
F0NCF0	364
F0NCF1	155
F0NCF1	290
F0NCF1	293
F0NCF1	60
F0NCF1	89
F0NCF1	285
F0NCF2	124
F0NCF2	185
F0NCF3	101
F0NCF3	11
F0NCF3	162
F0NCF3	20
F0NCF3	321
F0NCF3	326
F0NCF3	330
F0NCF3	358
F0NCF3	361
F0NCF3	366
F0NCF3	391
F0NCF3	395
F0NCF3	415
F0NCF3	57
F0NCF3	99
F0NCF3	308
F0NCF5	55
F0NCG2	170
F0NCG2	20
F0NCG2	287
F0NCG2	30
F0NCG2	49
F0NCG3	161
F0NCG4	102
F0NCG4	39
F0NCG4	68
F0NCG5	459
F0NCG6	55
F0NCG6	69
F0NCG6	108
F0NCG7	389
F0NCH3	74
F0NCH5	27
F0NCH5	61
F0NCI3	106
F0NCI8	29
F0NCI8	73
F0NCI8	15
F0NCJ3	158
F0NCJ7	231
F0NCJ8	242
F0NCJ8	347
F0NCJ8	394
F0NCJ8	348
F0NCJ9	157
F0NCK0	196
F0NCK3	179
F0NCK3	49
F0NCK7	280
F0NCK7	283
F0NCK7	287
F0NCK7	291
F0NCK7	67
F0NCK7	256
F0NCL3	258
F0NCL3	294
F0NCL3	310
F0NCL3	31
F0NCL4	49
F0NCM1	134
F0NCM2	10
F0NCM2	168
F0NCM2	201
F0NCM2	241
F0NCM2	31
F0NCM2	61
F0NCM2	681
F0NCM2	93
F0NCM3	12
F0NCM3	127
F0NCM3	133
F0NCM3	177
F0NCM3	198
F0NCM3	20
F0NCM3	223
F0NCM3	45
F0NCM3	52
F0NCM3	105
F0NCM4	262
F0NCM4	300
F0NCM4	306
F0NCM4	307
F0NCM4	63
F0NCM7	110
F0NCM8	39
F0NCM9	316
F0NCN0	145
F0NCN0	19
F0NCN0	24
F0NCN0	10
F0NCN1	147
F0NCN2	170
F0NCN2	383
F0NCN2	414
F0NCN2	491
F0NCN2	592
F0NCN2	800
F0NCN2	811
F0NCN6	27
F0NCN6	354
F0NCN6	507
F0NCN7	24
F0NCN7	283
F0NCN7	14
F0NCN8	32
F0NCN8	359
F0NCN8	491
F0NCN8	492
F0NCN8	74
F0NCN8	650
F0NCP0	120
F0NCP0	21
F0NCP0	82
F0NCP0	97
F0NCP0	58
F0NCP6	3
F0NCP6	850
F0NCQ1	232
F0NCQ1	242
F0NCQ1	248
F0NCQ1	270
F0NCQ1	303
F0NCQ1	309
F0NCQ1	314
F0NCQ1	42
F0NCQ1	46
F0NCQ1	504
F0NCQ1	550
F0NCQ1	60
F0NCQ1	627
F0NCQ1	704
F0NCQ1	712
F0NCQ2	247
F0NCQ5	103
F0NCQ5	246
F0NCQ5	98
F0NCQ6	168
F0NCQ6	212
F0NCQ8	257
F0NCQ8	267
F0NCQ8	331
F0NCQ8	339
F0NCQ8	44
F0NCQ9	13
F0NCQ9	240
F0NCQ9	254
F0NCQ9	266
F0NCQ9	42
F0NCR0	778
F0NCR1	258
F0NCR1	340
F0NCR1	358
F0NCR1	42
F0NCR3	120
F0NCR3	149
F0NCR3	153
F0NCR3	196
F0NCR3	205
F0NCR3	275
F0NCR3	398
F0NCR3	417
F0NCR3	419
F0NCR3	64
F0NCR3	705
F0NCR3	713
F0NCR3	719
F0NCR5	41
F0NCR5	68
F0NCR5	313
F0NCR6	155
F0NCR7	119
F0NCR7	227
F0NCR7	624
F0NCR7	900
F0NCR7	641
F0NCR8	291
F0NCR8	297
F0NCS1	239
F0NCS1	28
F0NCS1	310
F0NCS1	329
F0NCS1	345
F0NCS1	349
F0NCS1	57
F0NCS3	137
F0NCS3	102
F0NCS3	144
F0NCS3	182
F0NCS3	250
F0NCS3	260
F0NCS3	301
F0NCS3	331
F0NCS3	361
F0NCS3	413
F0NCS3	421
F0NCS3	43
F0NCS4	109
F0NCS4	140
F0NCS4	176
F0NCS4	190
F0NCS4	27
F0NCS4	412
F0NCS4	303
F0NCS5	268
F0NCS5	377
F0NCS5	98
F0NCS5	130
F0NCT0	303
F0NCT0	308
F0NCT1	242
F0NCT1	266
F0NCT2	188
F0NCT8	152
F0NCT8	138
F0NCU0	179
F0NCU0	218
F0NCU0	249
F0NCU0	258
F0NCU0	110
F0NCU1	22
F0NCU1	298
F0NCU1	305
F0NCU1	196
F0NCU2	279
F0NCU2	294
F0NCU3	17
F0NCU8	62
F0NCV1	66
F0NCV2	80
F0NCV3	141
F0NCV3	152
F0NCV3	193
F0NCV3	221
F0NCV4	80
F0NCV7	102
F0NCV7	105
F0NCV7	245
F0NCV7	248
F0NCV7	489
F0NCV7	580
F0NCV7	594
F0NCV7	633
F0NCV7	638
F0NCV7	63
F0NCV8	170
F0NCV8	325
F0NCV8	396
F0NCV8	397
F0NCV9	146
F0NCV9	161
F0NCV9	370
F0NCV9	66
F0NCV9	74
F0NCW0	154
F0NCW3	268
F0NCW3	59
F0NCW4	190
F0NCW4	260
F0NCW4	27
F0NCW4	33
F0NCW4	332
F0NCW4	377
F0NCW4	39
F0NCW4	43
F0NCW4	341
F0NCW5	143
F0NCW5	205
F0NCW5	23
F0NCW5	246
F0NCW7	47
F0NCW7	80
F0NCW8	268
F0NCW8	36
F0NCW8	384
F0NCW9	26
F0NCX0	26
F0NCX0	9
F0NCX2	12
F0NCX2	183
F0NCX5	174
F0NCX5	308
F0NCX5	371
F0NCX5	403
F0NCX5	419
F0NCX5	521
F0NCX6	295
F0NCX6	87
F0NCX6	55
F0NCX6	365
F0NCX6	304
F0NCX6	184
F0NCX6	169
F0NCX6	165
F0NCX6	132
F0NCX6	105
F0NCX6	112
F0NCY5	135
F0NCZ6	209
F0ND00	224
F0ND07	237
F0ND07	69
F0ND07	95
F0ND08	110
F0ND08	173
F0ND08	242
F0ND08	111
F0ND09	193
F0ND09	252
F0ND13	102
F0ND13	190
F0ND20	241
F0ND20	264
F0ND20	366
F0ND20	600
F0ND21	199
F0ND21	275
F0ND21	289
F0ND21	336
F0ND21	344
F0ND21	359
F0ND21	53
F0ND21	61
F0ND22	555
F0ND24	249
F0ND35	100
F0ND42	46
F0ND43	35
F0ND51	65
F0ND51	73
F0ND53	40
F0ND53	406
F0ND53	512
F0ND53	71
F0ND54	261
F0ND54	274
F0ND54	33
F0ND54	40
F0ND54	64
F0ND56	143
F0ND56	144
F0ND56	244
F0ND56	280
F0ND56	495
F0ND56	585
F0ND57	216
F0ND69	57
F0ND69	88
F0ND70	200
F0ND70	227
F0ND70	248
F0ND70	87
F0ND70	96
F0ND70	104
F0ND72	225
F0ND72	239
F0ND72	295
F0ND72	296
F0ND77	196
F0ND77	197
F0ND77	48
F0ND77	60
F0ND77	72
F0ND78	186
F0ND78	50
F0ND79	152
F0ND79	334
F0ND79	40
F0ND80	101
F0ND80	123
F0ND80	125
F0ND80	188
F0ND80	263
F0ND80	293
F0ND80	403
F0ND80	466
F0ND80	469
F0ND80	495
F0ND80	504
F0ND80	310
F0ND81	227
F0ND81	226
F0ND82	62
F0ND83	102
F0ND83	130
F0ND83	157
F0ND83	164
F0ND83	171
F0ND83	287
F0ND83	316
F0ND83	353
F0ND83	92
F0ND84	116
F0ND84	13
F0ND84	45
F0ND84	49
F0ND84	9
F0ND85	10
F0ND85	252
F0ND85	42
F0ND85	46
F0ND87	35
F0ND87	44
F0ND87	45
F0ND87	54
F0ND87	80
F0ND91	217
F0ND91	263
F0ND91	213
F0ND91	592
F0ND91	651
F0ND91	652
F0ND91	658
F0ND91	663
F0ND91	497
F0ND92	85
F0ND97	209
F0ND97	444
F0NDA2	197
F0NDA2	287
F0NDA2	420
F0NDA3	4
F0NDA4	71
F0NDA5	322
F0NDC4	122
F0NDC4	18
F0NDC4	31
F0NDC4	33
F0NDC5	403
F0NDC5	419
F0NDC5	483
F0NDC5	66
F0NDC5	720
F0NDC5	756
F0NDC5	214
F0NDC6	293
F0NDC6	606
F0NDC6	613
F0NDC7	112
F0NDC7	146
F0NDC9	136
F0NDC9	236
F0NDD1	261
F0NDD7	249
F0NDE1	300
F0NDF5	17
F0NDF5	189
F0NDF6	286
F0NDF6	288
F0NDF6	302
F0NDF6	54
F0NDF7	127
F0NDF7	132
F0NDF7	105
F0NDF7	141
F0NDF7	76
F0NDF7	8
F0NDF8	21
F0NDG0	145
F0NDG0	171
F0NDG0	391
F0NDG0	430
F0NDG0	47
F0NDG0	542
F0NDG0	544
F0NDG0	56
F0NDG0	562
F0NDG0	573
F0NDG0	135
F0NDG1	63
F0NDG2	153
F0NDG2	162
F0NDG2	19
F0NDG2	229
F0NDG2	247
F0NDG2	41
F0NDG3	113
F0NDG3	119
F0NDG3	138
F0NDG3	19
F0NDG3	412
F0NDG3	424
F0NDG3	47
F0NDG3	9
F0NDG6	14
F0NDG6	29
F0NDG6	88
F0NDG6	9
F0NDG7	158
F0NDG7	16
F0NDG7	168
F0NDG7	17
F0NDG7	188
F0NDG7	330
F0NDG7	331
F0NDG7	36
F0NDG7	42
F0NDG7	230
F0NDG8	64
F0NDG9	140
F0NDG9	147
F0NDG9	181
F0NDG9	283
F0NDG9	301
F0NDG9	207
F0NDH0	12
F0NDH0	52
F0NDH0	74
F0NDH1	57
F0NDH2	347
F0NDH2	367
F0NDH2	390
F0NDH2	394
F0NDH2	398
F0NDH2	44
F0NDH2	47
F0NDH2	133
F0NDH3	76
F0NDH3	25
F0NDH4	195
F0NDH4	227
F0NDH4	230
F0NDH4	350
F0NDH5	132
F0NDH5	48
F0NDH5	87
F0NDH6	232
F0NDH6	239
F0NDH8	270
F0NDI1	123
F0NDI1	132
F0NDI1	24
F0NDI1	95
F0NDI2	134
F0NDI2	18
F0NDI2	2
F0NDI2	34
F0NDI2	44
F0NDI2	55
F0NDI2	59
F0NDI4	62
F0NDI4	90
F0NDI4	154
F0NDI5	136
F0NDI5	148
F0NDI5	173
F0NDI5	230
F0NDI5	234
F0NDI5	41
F0NDI5	224
F0NDI5	63
F0NDI5	94
F0NDI7	209
F0NDJ0	15
F0NDJ1	291
F0NDJ2	196
F0NDJ3	164
F0NDJ3	68
F0NDJ3	11
F0NDJ4	288
F0NDJ5	37
F0NDJ5	68
F0NDJ5	69
F0NDJ5	78
F0NDJ6	213
F0NDJ9	215
F0NDJ9	238
F0NDK0	136
F0NDK0	164
F0NDK0	207
F0NDK0	213
F0NDK0	221
F0NDK0	372
F0NDK0	392
F0NDK0	441
F0NDK0	444
F0NDK5	202
F0NDK9	29
F0NDL1	45
F0NDL2	308
F0NDL2	589
F0NDL2	698
F0NDL4	464
F0NDL6	313
F0NDM0	204
F0NDM1	48
F0NDM1	51
F0NDM2	199
F0NDM4	137
F0NDM4	395
F0NDM4	477
F0NDM5	127
F0NDM6	19
F0NDM6	43
F0NDM6	63
F0NDM6	7
F0NDM9	116
F0NDM9	148
F0NDM9	362
F0NDM9	504
F0NDN0	55
F0NDN2	147
F0NDN2	150
F0NDN2	183
F0NDN2	193
F0NDN2	217
F0NDN8	35
F0NDN8	86
F0NDN8	83
F0NDN8	31
F0NDN8	256
F0NDN8	241
F0NDN8	176
F0NDN9	114
F0NDN9	198
F0NDN9	234
F0NDN9	261
F0NDN9	34
F0NDN9	66
F0NDN9	67
F0NDN9	83
F0NDP1	187
F0NDP1	222
F0NDP2	126
F0NDP2	350
F0NDP2	356
F0NDP2	456
F0NDP2	497
F0NDP2	498
F0NDP2	522
F0NDP2	53
F0NDP2	542
F0NDP2	83
F0NDP3	148
F0NDP8	147
F0NDP8	296
F0NDP8	41
F0NDP8	75
F0NDQ1	21
F0NDQ1	50
F0NDQ1	8
F0NDQ1	138
F0NDQ2	301
F0NDQ2	315
F0NDQ5	17
F0NDQ5	179
F0NDQ5	181
F0NDQ5	204
F0NDQ5	223
F0NDR6	33
F0NDS1	202
F0NDS1	30
F0NDS3	53
F0NDS4	107
F0NDS4	119
F0NDS4	204
F0NDS7	111
F0NDS7	214
F0NDS7	221
F0NDS7	326
F0NDS7	549
F0NDS8	144
F0NDS8	276
F0NDS8	467
F0NDS8	49
F0NDS8	502
F0NDS8	569
F0NDS8	618
F0NDS8	625
F0NDS8	143
F0NDT2	271
F0NDT3	149
F0NDT3	281
F0NDT3	490
F0NDT3	69
F0NDT4	31
F0NDT7	162
F0NDT8	247
F0NDT8	26
F0NDT8	94
F0NDU1	49
F0NDU1	51
F0NDU4	138
F0NDU4	240
F0NDU4	36
F0NDU6	88
F0NDU7	104
F0NDU7	126
F0NDU7	70
F0NDU7	50
F0NDU9	269
F0NDU9	45
F0NDU9	65
F0NDV2	292
F0NDV2	329
F0NDV2	39
F0NDV2	117
F0NDV3	32
F0NDV3	163
F0NDV5	236
F0NDV6	103
F0NDV6	194
F0NDW2	201
F0NDW2	234
F0NDW5	362
F0NDW5	373
F0NDW5	873
F0NDW5	259
F0NDW7	102
F0NDW7	237
F0NDW7	303
F0NDW7	379
F0NDW7	590
F0NDW7	891
F0NDW7	133
F0NDW8	150
F0NDW8	165
F0NDW8	363
F0NDW8	69
F0NDW8	815
F0NDW8	924
F0NDW8	93
F0NDW8	144
F0NDX0	88
F0NDX0	34
F0NDX2	449
F0NDX2	749
F0NDX2	964
F0NDX6	161
F0NDX6	248
F0NDX7	124
F0NDX7	139
F0NDX7	151
F0NDX7	67
F0NDX8	288
F0NDX8	318
F0NDX8	324
F0NDX8	73
F0NDX8	94
F0NDX8	96
F0NDX8	186
F0NDX9	64
F0NDX9	241
F0NDY0	145
F0NDY0	148
F0NDY0	296
F0NDY1	171
F0NDY1	177
F0NDY9	188
F0NDY9	296
F0NDY9	56
F0NDZ2	170
F0NDZ2	177
F0NE04	33
F0NE05	236
F0NE05	323
F0NE05	343
F0NE12	23
F0NE13	52
F0NE13	58
F0NE13	179
F0NE14	67
F0NE14	82
F0NE15	188
F0NE16	133
F0NE16	183
F0NE16	219
F0NE16	36
F0NE16	9
F0NE21	174
F0NE21	186
F0NE21	240
F0NE21	241
F0NE21	431
F0NE22	38
F0NE26	108
F0NE26	142
F0NE26	223
F0NE27	119
F0NE27	87
F0NE28	221
F0NE30	404
F0NE30	495
F0NE30	607
F0NE30	40
F0NE32	167
F0NE32	374
F0NE32	378
F0NE33	63
F0NE39	25
F0NE39	56
F0NE42	320
F0NE42	345
F0NE42	37
F0NE50	191
F0NE50	212
F0NE53	158
F0NE54	208
F0NE56	9
F0NE63	294
F0NE65	128
F0NE65	168
F0NE65	211
F0NE65	271
F0NE65	291
F0NE65	304
F0NE65	360
F0NE65	402
F0NE65	406
F0NE65	407
F0NE65	601
F0NE65	63
F0NE65	650
F0NE65	655
F0NE65	81
F0NE65	106
F0NE71	112
F0NE71	255
F0NE71	51
F0NE72	129
F0NE73	13
F0NE73	142
F0NE73	44
F0NE74	123
F0NE74	194
F0NE74	293
F0NE74	211
F0NE75	150
F0NE75	164
F0NE75	421
F0NE75	506
F0NE75	508
F0NE77	369
F0NE81	81
F0NE86	70
F0NE86	64
F0NE87	121
F0NE87	42
F0NE87	51
F0NE87	7
F0NE88	216
F0NE88	380
F0NE88	403
F0NE88	407
F0NE88	72
F0NE88	62
F0NE91	31
F0NE91	66
F0NE97	10
F0NE97	251
F0NE97	292
F0NE97	49
F0NE97	295
F0NEA0	494
F0NEA2	278
F0NEA2	28
F0NEA2	308
F0NEA2	315
F0NEA2	66
F0NEA3	110
F0NEA3	12
F0NEA3	32
F0NEA3	64
F0NEA3	90
F0NEA3	93
F0NEA9	225
F0NEA9	245
F0NEA9	26
F0NEA9	97
F0NEA9	100
F0NEB1	179
F0NEB2	106
F0NEB2	136
F0NEB2	145
F0NEB2	233
F0NEB2	251
F0NEB4	174
F0NEB7	203
F0NEB8	98
F0NEB9	143
F0NEB9	78
F0NEB9	99
F0NEC1	317
F0NEC9	156
F0NEC9	186
F0NEC9	190
F0NEC9	35
F0NEC9	85
F0NED1	180
F0NED2	6
F0NED2	7
F0NEF0	64
F0NEF5	103
F0NEF5	136
F0NEF5	17
F0NEF5	82
F0NEF6	222
F0NEG0	232
F0NEG4	282
F0NEG4	325
F0NEG4	249
F0NEH3	328
F0NEH3	332
F0NEH3	457
F0NEH3	459
F0NEH3	537
F0NEI0	27
F0NEI0	30
F0NEI0	48
F0NEI1	18
F0NEI2	194
F0NEI5	152
F0NEI5	216
F0NEI5	61
F0NEI8	200
F0NEI8	272
F0NEI8	296
F0NEI9	28
F0NEI9	49
F0NEI9	53
F0NEI9	61
F0NEI9	63
F0NEI9	7
F0NEJ4	120
F0NEJ4	17
F0NEJ4	60
F0NEK9	125
F0NEL4	308
F0NEL4	19
F0NEM4	107
F0NEM4	135
F0NEM4	62
F0NEM4	83
F0NEM9	142
F0NEM9	152
F0NEM9	193
F0NEN1	66
F0NEN5	147
F0NEN5	15
F0NEN5	23
F0NEN6	228
F0NEN6	232
F0NEN6	82
F0NEN7	121
F0NEN7	303
F0NEN7	429
F0NEN7	75
F0NEN7	260
F0NEP5	197
F0NEP5	245
F0NEP5	287
F0NEP5	367
F0NEP5	399
F0NEP5	400
F0NEP5	428
F0NEP5	44
F0NEP5	50
F0NEP6	240
F0NEP6	246
F0NEQ4	115
F0NEQ4	144
F0NEQ4	302
F0NEQ6	129
F0NEQ7	150
F0NEQ7	300
F0NEQ7	66
F0NEQ7	86
F0NEQ8	273
F0NEQ9	141
F0NEQ9	197
F0NER1	82
F0NER2	63
F0NER4	110
F0NER5	161
F0NER5	91
F0NER5	113
F0NER6	114
F0NER7	117
F0NER7	129
F0NER7	132
F0NER7	155
F0NER7	160
F0NER7	163
F0NER7	179
F0NER7	246
F0NER7	276
F0NER7	285
F0NER7	307
F0NER7	316
F0NER7	411
F0NER7	44
F0NER7	93
F0NER7	23
F0NES2	206
F0NES2	319
F0NES2	326
F0NES2	337
F0NES2	63
F0NES2	64
F0NES3	117
F0NES3	120
F0NES3	14
F0NES3	152
F0NES3	59
F0NES3	70
F0NES4	46
F0NES4	95
F0NES4	28
F0NES7	108
F0NES7	123
F0NES7	58
F0NES7	92
F0NES9	131
F0NES9	14
F0NES9	179
F0NES9	259
F0NES9	260
F0NES9	79
F0NES9	97
F0NET3	55
F0NET6	197
F0NET6	70
F0NET7	152
F0NET7	201
F0NET7	259
F0NET7	34
F0NET7	368
F0NET7	369
F0NET7	377
F0NET7	44
F0NET7	56
F0NET7	57
F0NET7	88
F0NET7	105
F0NET9	157
F0NET9	151
F0NEU0	145
F0NEU0	291
F0NEU0	296
F0NEU0	327
F0NEU0	366
F0NEU0	452
F0NEU0	477
F0NEU0	568
F0NEU0	579
F0NEU0	618
F0NEU0	625
F0NEU0	535
F0NEU3	328
F0NEU3	374
F0NEU3	54
F0NEU5	155
F0NEU5	16
F0NEU5	274
F0NEU5	31
F0NEU5	92
F0NEU5	142
F0NEU6	125
F0NEU6	5
F0NEU6	124
F0NEU7	238
F0NEU7	42
F0NEU7	27
F0NEU7	233
F0NEU7	188
F0NEU7	127
F0NEU9	34
F0NEV0	132
F0NEV0	146
F0NEV0	155
F0NEV0	156
F0NEV0	211
F0NEV0	219
F0NEV1	100
F0NEV1	128
F0NEV2	153
F0NEV2	204
F0NEV2	61
F0NEV3	18
F0NEV3	203
F0NEV3	355
F0NEV4	45
F0NEV4	469
F0NEV4	297
F0NEV6	18
F0NEV6	21
F0NEV6	75
F0NEV8	157
F0NEV8	250
F0NEV8	317
F0NEV8	320
F0NEV8	334
F0NEV8	357
F0NEV8	46
F0NEV8	90
F0NEW0	225
F0NEW0	250
F0NEW0	260
F0NEW2	147
F0NEW2	302
F0NEW2	348
F0NEW5	121
F0NEW5	144
F0NEW5	306
F0NEW5	114
F0NEW6	280
F0NEW6	317
F0NEW6	51
F0NEW6	152
F0NEX2	110
F0NEX2	117
F0NEX2	38
F0NEX2	45
F0NEX4	244
F0NEX4	275
F0NEX4	301
F0NEX4	375
F0NEX4	409
F0NEX4	415
F0NEX4	517
F0NEX5	202
F0NEX5	219
F0NEX5	256
F0NEX5	320
F0NEX5	336
F0NEX6	196
F0NEX6	224
F0NEX6	242
F0NEX6	55
F0NEX6	110
F0NEX7	128
F0NEX8	339
F0NEX8	353
F0NEX8	162
F0NEX9	68
F0NEX9	91
F0NEY0	137
F0NEY0	306
F0NEY0	337
F0NEY0	342
F0NEY1	101
F0NEY1	120
F0NEY1	150
F0NEY1	233
F0NEY1	58
F0NEY2	150
F0NEY2	190
F0NEY2	215
F0NEY2	317
F0NEY2	46
F0NEY2	89
F0NEY3	56
F0NEY4	121
F0NEY4	175
F0NEY4	177
F0NEY4	24
F0NEY4	255
F0NEY6	159
F0NEY6	213
F0NEY6	275
F0NEY6	386
F0NEY6	440
F0NEY6	510
F0NEY6	541
F0NEY6	60
F0NEY6	666
F0NEY6	71
F0NEY6	88
F0NEY7	185
F0NEY7	199
F0NEY7	201
F0NEY7	26
F0NEY9	176
F0NEY9	465
F0NEY9	466
F0NEY9	79
F0NEZ0	237
F0NEZ0	264
F0NEZ0	266
F0NEZ0	34
F0NEZ0	385
F0NEZ0	58
F0NEZ0	83
F0NEZ0	182
F0NEZ1	371
F0NEZ1	401
F0NEZ1	441
F0NEZ1	81
F0NEZ1	88
F0NEZ1	16
F0NEZ2	133
F0NEZ2	223
F0NEZ2	225
F0NEZ2	259
F0NEZ2	263
F0NEZ2	136
F0NEZ5	185
F0NEZ5	195
F0NEZ5	242
F0NEZ5	243
F0NEZ6	120
F0NEZ6	162
F0NEZ6	84
F0NEZ9	32
F0NF01	125
F0NF01	126
F0NF01	141
F0NF01	158
F0NF01	255
F0NF01	261
F0NF01	271
F0NF01	279
F0NF01	282
F0NF01	287
F0NF01	300
F0NF01	312
F0NF01	342
F0NF01	364
F0NF01	426
F0NF01	437
F0NF01	477
F0NF01	490
F0NF01	523
F0NF01	534
F0NF01	537
F0NF01	544
F0NF01	66
F0NF01	106
F0NF05	241
F0NF05	58
F0NF05	64
F0NF05	94
F0NF05	182
F0NF06	12
F0NF06	20
F0NF06	88
F0NF07	84
F0NF08	116
F0NF08	160
F0NF08	47
F0NF15	280
F0NF15	546
F0NF15	671
F0NF15	679
F0NF15	684
F0NF18	277
F0NF18	290
F0NF21	346
F0NF22	165
F0NF22	178
F0NF22	181
F0NF22	215
F0NF22	223
F0NF22	231
F0NF23	76
F0NF23	99
F0NF23	133
F0NF24	198
F0NF24	209
F0NF24	210
F0NF24	162
F0NF25	119
F0NF25	148
F0NF25	222
F0NF25	28
F0NF25	396
F0NF26	162
F0NF26	205
F0NF26	222
F0NF26	293
F0NF26	315
F0NF26	321
F0NF35	496
F0NF35	83
F0NF35	84
F0NF36	314
F0NF36	48
F0NF36	52
F0NF37	183
F0NF37	184
F0NF37	32
F0NF37	33
F0NF37	57
F0NF37	170
F0NF38	7
F0NF40	120
F0NF40	133
F0NF40	144
F0NF40	165
F0NF40	294
F0NF40	45
F0NF41	134
F0NF41	159
F0NF41	321
F0NF41	394
F0NF41	426
F0NF41	61
F0NF46	19
F0NF46	26
F0NF46	54
F0NF46	102
F0NF47	195
F0NF47	93
F0NF47	181
F0NF50	50
F0NF51	111
F0NF51	146
F0NF51	198
F0NF51	24
F0NF51	147
F0NF52	173
F0NF53	190
F0NF53	193
F0NF53	245
F0NF53	285
F0NF53	330
F0NF53	365
F0NF53	287
F0NF54	107
F0NF58	183
F0NF58	204
F0NF58	208
F0NF58	240
F0NF58	45
F0NF59	155
F0NF59	222
F0NF59	65
F0NF59	77
F0NF59	101
F0NF60	170
F0NF61	15
F0NF61	220
F0NF61	241
F0NF62	25
F0NF62	264
F0NF62	270
F0NF62	271
F0NF63	56
F0NF66	107
F0NF66	125
F0NF66	42
F0NF66	92
F0NF66	99
F0NF67	149
F0NF67	60
F0NF68	15
F0NF68	189
F0NF68	234
F0NF68	236
F0NF68	283
F0NF68	302
F0NF68	418
F0NF68	717
F0NF68	50
F0NF69	236
F0NF69	38
F0NF69	45
F0NF70	162
F0NF70	170
F0NF72	251
F0NF72	254
F0NF72	262
F0NF72	55
F0NF72	104
F0NF79	100
F0NF80	62
F0NF84	194
F0NF85	364
F0NF86	252
F0NF89	107
F0NF89	192
F0NF89	208
F0NF89	23
F0NF89	260
F0NF91	273
F0NF91	276
F0NF91	311
F0NF91	341
F0NF93	299
F0NFA0	178
F0NFA1	24
F0NFA1	279
F0NFA1	290
F0NFA3	40
F0NFA3	53
F0NFA7	12
F0NFA8	364
F0NFA8	21
F0NFA9	221
F0NFA9	101
F0NFB1	153
F0NFB1	154
F0NFB1	210
F0NFB1	88
F0NFB5	191
F0NFB5	236
F0NFB5	254
F0NFB6	51
F0NFB6	52
F0NFB7	19
F0NFB8	200
F0NFB8	214
F0NFB9	555
F0NFB9	404
F0NFB9	378
F0NFB9	267
F0NFB9	109
F0NFB9	254
F0NFB9	251
F0NFB9	340
F0NFB9	116
F0NFC0	62
F0NFC0	13
F0NFC0	30
F0NFC2	143
F0NFC2	154
F0NFC2	174
F0NFC2	67
F0NFC2	75
F0NFC5	73
F0NFC6	78
F0NFC6	258
F0NFC6	262
F0NFC7	12
F0NFC7	50
F0NFC7	8
F0NFC7	92
F0NFC8	21
F0NFC8	23
F0NFD0	212
F0NFD2	108
F0NFD2	41
F0NFD3	77
F0NFD4	271
F0NFD4	225
F0NFD5	11
F0NFD5	58
F0NFD9	52
F0NFD9	53
F0NFD9	60
F0NFD9	86
F0NFE0	100
F0NFE0	136
F0NFE0	181
F0NFE0	68
F0NFE1	1011
F0NFE1	1019
F0NFE1	1199
F0NFE1	1209
F0NFE1	182
F0NFE1	245
F0NFE1	259
F0NFE1	593
F0NFE1	720
F0NFE1	153
F0NFE2	128
F0NFE2	134
F0NFE2	180
F0NFE2	282
F0NFE2	309
F0NFE2	385
F0NFE2	418
F0NFE2	432
F0NFE2	464
F0NFE2	638
F0NFE2	645
F0NFE2	664
F0NFE2	665
F0NFE2	696
F0NFE2	740
F0NFE3	134
F0NFE3	158
F0NFE3	175
F0NFE3	213
F0NFE3	247
F0NFE3	287
F0NFE3	294
F0NFE3	127
F0NFE4	34
F0NFE9	13
F0NFE9	24
F0NFE9	87
F0NFE9	93
F0NFF1	209
F0NFF1	35
F0NFF1	55
F0NFF2	43
F0NFF3	21
F0NFF3	64
F0NFF3	73
F0NFF7	261
F0NFF8	336
F0NFG0	96
F0NFG0	976
F0NFG0	983
F0NFG1	185
F0NFG1	278
F0NFG1	166
F0NFG2	13
F0NFG5	115
F0NFG5	128
F0NFG5	223
F0NFG5	331
F0NFG5	370
F0NFG5	568
F0NFG6	160
F0NFG6	199
F0NFG6	52
F0NFG7	104
F0NFH4	190
F0NFH6	332
F0NFH6	363
F0NFH7	13
F0NFH7	436
F0NFH7	484
F0NFH7	558
F0NFH9	19
F0NFI2	193
F0NFI2	208
F0NFI2	268
F0NFI2	28
F0NFI2	330
F0NFI2	74
F0NFI2	100
F0NFI2	136
F0NFI7	21
F0NFI7	43
F0NFI7	79
F0NFJ0	204
F0NFJ0	236
F0NFJ0	246
F0NFJ2	143
F0NFJ2	210
F0NFJ2	213
F0NFJ3	12
F0NFJ3	17
F0NFJ5	190
F0NFJ5	194
F0NFJ5	218
F0NFJ6	134
F0NFJ7	101
F0NFJ8	48
F0NFJ9	177
F0NFJ9	180
F0NFJ9	226
F0NFJ9	227
F0NFJ9	249
F0NFJ9	259
F0NFJ9	273
F0NFJ9	299
F0NFJ9	335
F0NFJ9	356
F0NFJ9	372
F0NFJ9	391
F0NFJ9	410
F0NFJ9	440
F0NFJ9	452
F0NFJ9	481
F0NFJ9	88
F0NFJ9	142
F0NFK0	290
F0NFK0	139
F0NFK3	137
F0NFK5	155
F0NFK5	84
F0NFK5	99
F0NFK6	174
F0NFK6	338
F0NFK6	456
F0NFK6	464
F0NFK6	621
F0NFK6	622
F0NFK6	636
F0NFK6	670
F0NFK7	375
F0NFK7	40
F0NFK7	68
F0NFK8	112
F0NFL0	190
F0NFL0	326
F0NFL6	177
F0NFM2	191
F0NFM2	197
F0NFM2	25
F0NFM4	246
F0NFM4	262
F0NFM4	320
F0NFM4	357
F0NFM4	37
F0NFM4	389
F0NFM5	57
F0NFM6	119
F0NFM6	21
F0NFM6	215
F0NFM6	42
F0NFM6	152
F0NFM8	75
F0NFM9	234
F0NFN1	104
F0NFN3	83
F0NFN4	184
F0NFN5	149
F0NFN5	276
F0NFN7	32
F0NFN7	45
F0NFN7	73
F0NFP1	428
F0NFP1	431
F0NFP1	264
F0NFP1	464
F0NFP2	279
F0NFP5	168
F0NFP6	172
F0NFP8	739
F0NFP8	166
F0NFP8	698
F0NFP9	147
F0NFP9	204
F0NFP9	228
F0NFP9	36
F0NFP9	117
F0NFQ0	143
F0NFQ0	147
F0NFQ0	157
F0NFQ0	185
F0NFQ0	192
F0NFQ0	278
F0NFQ0	37
F0NFQ0	41
F0NFQ0	47
F0NFQ0	96
F0NFQ0	100
F0NFQ1	140
F0NFQ1	145
F0NFQ1	196
F0NFQ1	22
F0NFQ1	227
F0NFQ1	237
F0NFQ1	83
F0NFQ4	198
F0NFQ4	199
F0NFQ4	285
F0NFQ4	291
F0NFQ4	151
F0NFQ7	255
F0NFQ7	352
F0NFQ7	159
F0NFQ9	106
F0NFQ9	244
F0NFQ9	259
F0NFQ9	74
F0NFQ9	81
F0NFR0	337
F0NFR0	408
F0NFR0	509
F0NFR0	66
F0NFR3	84
F0NFR5	76
F0NFR7	22
F0NFR7	280
F0NFR7	312
F0NFR8	256
F0NFT2	78
F0NFT8	160
F0NFT8	237
F0NFT8	277
F0NFT9	355
F0NFU2	116
F0NFU2	288
F0NFU2	302
F0NFU3	66
F0NFU3	73
F0NFU3	297
F0NFU5	112
F0NFU5	141
F0NFU5	154
F0NFU5	28
F0NFU5	47
F0NFU5	58
F0NFU5	81
F0NFU5	85
F0NFU5	100
F0NFU6	223
F0NFU6	278
F0NFU8	9
F0NFU8	109
F0NFU9	36
F0NFU9	65
F0NFV0	163
F0NFV2	336
F0NFW2	224
F0NFW2	374
F0NFW2	237
F0NFW4	115
F0NFW4	119
F0NFW4	126
F0NFW4	131
F0NFW4	150
F0NFW4	157
F0NFW4	33
F0NFW4	102
F0NFW7	101
F0NFW8	169
F0NFW8	212
F0NFW8	223
F0NFW8	82
F0NFX1	111
F0NFX1	113
F0NFX1	214
F0NFX1	262
F0NFX1	294
F0NFX1	301
F0NFX1	376
F0NFX1	55
F0NFX1	25
F0NFX2	124
F0NFX2	43
F0NFX2	77
F0NFX2	82
F0NFX3	180
F0NFX3	185
F0NFX3	235
F0NFX3	243
F0NFX3	274
F0NFX3	280
F0NFX3	6
F0NFX3	65
F0NFX3	162
F0NFX4	168
F0NFX4	18
F0NFX4	22
F0NFX4	237
F0NFX4	259
F0NFX4	365
F0NFX4	411
F0NFX4	426
F0NFX5	124
F0NFX5	161
F0NFX5	185
F0NFX5	215
F0NFX5	222
F0NFX5	313
F0NFX5	320
F0NFX5	323
F0NFX5	334
F0NFX5	107
F0NFX6	374
F0NFX6	62
F0NFX8	235
F0NFY2	158
F0NFY8	252
F0NFY8	73
F0NFY8	89
F0NFY9	325
F0NFZ3	181
F0NFZ3	191
F0NFZ3	290
F0NFZ3	75
F0NFZ6	194
F0NFZ6	200
F0NFZ6	40
F0NFZ6	66
F0NFZ6	77
F0NFZ7	394
F0NFZ7	397
F0NFZ8	321
F0NG03	45
F0NG03	14
F0NG13	281
F0NG13	395
F0NG13	47
F0NG13	548
F0NG13	82
F0NG16	144
F0NG16	20
F0NG16	58
F0NG16	76
F0NG16	80
F0NG16	97
F0NG16	121
F0NG17	453
F0NG17	202
F0NG18	268
F0NG21	90
F0NG23	235
F0NG23	289
F0NG24	77
F0NG26	45
F0NG26	46
F0NG32	87
F0NG34	213
F0NG35	77
F0NG38	147
F0NG38	167
F0NG38	86
F0NG38	145
F0NG39	282
F0NG39	283
F0NG39	313
F0NG39	344
F0NG39	446
F0NG39	97
F0NG39	173
F0NG40	139
F0NG40	278
F0NG40	291
F0NG40	99
F0NG40	275
F0NG41	16
F0NG41	54
F0NG42	224
F0NG42	322
F0NG42	244
F0NG45	109
F0NG48	221
F0NG48	50
F0NG48	51
F0NG48	55
F0NG48	79
F0NG48	205
F0NG49	132
F0NG49	121
F0NG54	167
F0NG54	175
F0NG55	20
F0NG57	155
F0NG57	173
F0NG57	182
F0NG58	87
F0NG60	102
F0NG60	183
F0NG60	57
F0NG61	100
F0NG61	184
F0NG61	234
F0NG61	302
F0NG62	186
F0NG66	175
F0NG72	80
F0NG80	39
F0NG81	108
F0NG81	211
F0NG81	226
F0NG82	229
F0NG83	216
F0NG83	315
F0NG83	68
F0NG83	8
F0NG87	274
F0NG87	268
F0NG88	109
F0NG88	173
F0NG88	182
F0NG88	20
F0NG89	143
F0NG89	150
F0NG89	241
F0NG89	47
F0NG91	109
F0NG91	256
F0NG91	296
F0NG91	314
F0NG91	341
F0NG91	441
F0NG91	69
F0NG91	277
F0NG91	7
F0NG97	217
F0NGB0	277
F0NGB0	404
F0NGB6	11
F0NGB6	213
F0NGB6	323
F0NGB7	37
F0NGB7	566
F0NGB7	603
F0NGB7	18
F0NGB8	28
F0NGB8	303
F0NGB8	429
F0NGB8	432
F0NGB8	58
F0NGB8	66
F0NGB9	28
F0NGB9	59
F0NGC1	5
F0NGC4	204
F0NGC5	169
F0NGC5	176
F0NGC9	271
F0NGC9	98
F0NGD2	45
F0NGD2	293
F0NGD2	239
F0NGD5	674
F0NGD6	235
F0NGE7	214
F0NGF2	177
F0NGF2	222
F0NGF2	229
F0NGF2	237
F0NGF2	24
F0NGF2	50
F0NGF2	86
F0NGF2	183
F0NGG1	1139
F0NGG8	426
F0NGG9	129
F0NGG9	275
F0NGG9	327
F0NGG9	369
F0NGG9	251
F0NGH0	141
F0NGH0	271
F0NGH0	457
F0NGH0	193
F0NGH3	108
F0NGH3	165
F0NGH3	178
F0NGH3	253
F0NGH3	259
F0NGH3	266
F0NGH3	278
F0NGH3	303
F0NGH3	331
F0NGH3	359
F0NGH3	371
F0NGH3	390
F0NGH3	391
F0NGH3	96
F0NGH5	528
F0NGI7	76
F0NGI9	203
F0NGJ1	171
F0NGJ2	152
F0NGJ5	114
F0NGJ5	16
F0NGJ5	187
F0NGJ5	441
F0NGJ5	575
F0NGJ5	615
F0NGJ7	309
F0NGJ7	333
F0NGJ8	296
F0NGJ8	317
F0NGJ8	349
F0NGJ8	49
F0NGJ9	163
F0NGJ9	19
F0NGJ9	96
F0NGK0	131
F0NGK5	274
F0NGK6	176
F0NGK7	277
F0NGK7	305
F0NGK7	326
F0NGK7	347
F0NGK7	421
F0NGK7	602
F0NGK7	213
F0NGL2	5
F0NGL2	26
F0NGL7	25
F0NGM1	114
F0NGM2	331
F0NGM2	505
F0NGM4	14
F0NGM4	187
F0NGM4	207
F0NGM4	33
F0NGM4	339
F0NGM4	427
F0NGM4	441
F0NGM4	479
F0NGM4	494
F0NGM4	542
F0NGM4	647
F0NGM4	690
F0NGM4	702
F0NGM4	83
F0NGM4	727
F0NGM9	89
F0NGM9	96
F0NGM9	38
F0NGN2	206
F0NGN2	259
F0NGN2	278
F0NGN2	303
F0NGN2	308
F0NGN2	370
F0NGN2	371
F0NGN2	391
F0NGN4	100
F0NGN4	22
F0NGN6	14
F0NGN6	324
F0NGN6	69
F0NGN6	84
F0NGP6	44
F0NGP6	66
F0NGP6	75
F0NGP7	118
F0NGP7	44
F0NGQ1	108
F0NGQ2	46
F0NGQ4	126
F0NGQ4	134
F0NGQ4	144
F0NGQ4	154
F0NGQ4	72
F0NGQ4	77
F0NGQ4	83
F0NGQ4	145
F0NGQ6	18
F0NGQ6	23
F0NGQ6	419
F0NGQ6	487
F0NGQ6	49
F0NGQ6	559
F0NGQ6	570
F0NGQ6	575
F0NGQ6	576
F0NGQ6	591
F0NGQ6	603
F0NGQ6	617
F0NGQ6	636
F0NGQ6	696
F0NGQ6	721
F0NGQ6	821
F0NGQ6	659
F0NGQ9	323
F0NGQ9	269
F0NGR0	156
F0NGR0	85
F0NGR1	117
F0NGR1	119
F0NGR1	184
F0NGR2	337
F0NGR2	94
F0NGR2	311
F0NGR4	69
F0NGR4	80
F0NGR4	53
F0NGR6	151
F0NGR7	113
F0NGR7	123
F0NGR7	41
F0NGS1	106
F0NGS1	152
F0NGS1	158
F0NGS1	304
F0NGS1	400
F0NGS1	406
F0NGS1	430
F0NGS1	69
F0NGS1	73
F0NGS4	152
F0NGS4	29
F0NGS4	51
F0NGS4	82
F0NGS6	97
F0NGS7	105
F0NGS7	106
F0NGS7	54
F0NGS7	94
F0NGS7	102
F0NGT0	185
F0NGT0	276
F0NGT3	107
F0NGT3	122
F0NGT3	133
F0NGT3	142
F0NGT3	47
F0NGT3	95
F0NGT3	50
F0NGT4	107
F0NGT4	234
F0NGT5	212
F0NGT7	112
F0NGT7	129
F0NGT7	75
F0NGT7	103
F0NGT8	113
F0NGT8	117
F0NGU4	162
F0NGU4	197
F0NGU4	202
F0NGU4	252
F0NGU4	255
F0NGU4	265
F0NGU4	149
F0NGU5	19
F0NGU9	203
F0NGU9	31
F0NGU9	84
F0NGV0	254
F0NGV1	174
F0NGV1	18
F0NGV1	200
F0NGV1	208
F0NGV1	210
F0NGV5	136
F0NGV5	51
F0NGV6	110
F0NGV6	169
F0NGV6	23
F0NGW3	161
F0NGW8	64
F0NGW9	422
F0NGX0	92
F0NGX6	160
F0NGX6	60
F0NGX6	144
F0NGY8	104
F0NGY8	166
F0NGY8	235
F0NGY8	29
F0NGZ1	110
F0NGZ1	21
F0NGZ1	41
F0NGZ2	155
F0NGZ2	57
F0NGZ4	311
F0NGZ6	29
F0NGZ6	88
F0NGZ8	61
F0NGZ9	13
F0NGZ9	182
F0NGZ9	211
F0NGZ9	3
F0NGZ9	79
F0NGZ9	87
F0NH01	174
F0NH01	58
F0NH01	69
F0NH01	9
F0NH02	151
F0NH02	205
F0NH02	210
F0NH02	23
F0NH02	405
F0NH02	518
F0NH02	683
F0NH02	138
F0NH04	549
F0NH05	42
F0NH09	129
F0NH09	659
F0NH10	105
F0NH25	47
F0NH26	101
F0NH26	136
F0NH29	96
F0NH33	36
F0NH33	453
F0NH33	459
F0NH34	118
F0NH34	134
F0NH34	147
F0NH34	292
F0NH34	380
F0NH34	447
F0NH34	482
F0NH34	100
F0NH46	168
F0NH46	44
F0NH47	41
F0NH48	117
F0NH48	75
F0NH49	206
F0NH49	246
F0NH49	317
F0NH49	35
F0NH49	67
F0NH49	91
F0NH53	148
F0NH61	138
F0NH64	14
F0NH64	38
F0NH64	81
F0NH64	176
F0NH71	12
F0NH71	150
F0NH71	24
F0NH71	296
F0NH71	34
F0NH71	48
F0NH71	8
F0NH71	317
F0NH74	292
F0NH74	427
F0NH74	641
F0NH76	172
F0NH76	98
F0NH76	130
F0NH84	264
F0NH87	79
F0NH89	120
F0NH89	229
F0NH89	25
F0NH89	64
F0NH90	42
F0NH95	6
F0NH95	7
F0NH98	190
F0NHA0	116
F0NHA0	305
F0NHA5	102
F0NHA5	142
F0NHA5	185
F0NHB3	254
F0NHB3	277
F0NHC6	148
F0NHC6	150
F0NHC6	245
F0NHC9	117
F0NHC9	193
F0NHC9	251
F0NHC9	496
F0NHD0	64
F0NHD1	24
F0NHD5	48
F0NHD5	96
F0NHD7	176
F0NHD7	215
F0NHD8	16
F0NHD8	23
F0NHD8	41
F0NHD8	66
F0NHE3	135
F0NHE3	153
F0NHE3	203
F0NHE3	211
F0NHE5	41
F0NHE5	516
F0NHE7	154
F0NHE7	354
F0NHF1	87
F0NHF1	71
F0NHF1	159
F0NHF1	191
F0NHF1	19
F0NHF1	162
F0NHF3	125
F0NHF3	19
F0NHF3	203
F0NHF3	215
F0NHF3	87
F0NHF5	76
F0NHF6	156
F0NHF6	168
F0NHF6	215
F0NHF7	11
F0NHF7	16
F0NHF7	24
F0NHF7	42
F0NHF8	216
F0NHF9	137
F0NHF9	222
F0NHF9	41
F0NHF9	52
F0NHF9	83
F0NHG0	122
F0NHG1	305
F0NHG2	54
F0NHG3	57
F0NHG3	33
F0NHG4	125
F0NHG4	137
F0NHG4	496
F0NHG4	113
F0NHG5	138
F0NHG5	146
F0NHG5	153
F0NHG5	185
F0NHG5	22
F0NHG6	112
F0NHG6	140
F0NHG6	165
F0NHG6	320
F0NHG6	344
F0NHG6	432
F0NHG6	261
F0NHG7	63
F0NHG7	73
F0NHG9	45
F0NHH1	16
F0NHH1	17
F0NHH1	64
F0NHH2	15
F0NHH2	85
F0NHH2	13
F0NHH4	109
F0NHH5	403
F0NHH7	38
F0NHH8	260
F0NHH8	284
F0NHH8	29
F0NHH8	380
F0NHH8	381
F0NHH8	444
F0NHH8	464
F0NHH8	473
F0NHH9	160
F0NHI0	127
F0NHI0	145
F0NHI1	186
F0NHI1	187
F0NHI1	30
F0NHI3	20
F0NHI3	227
F0NHI4	171
F0NHI4	40
F0NHI4	64
F0NHI7	43
F0NHI8	310
F0NHI8	50
F0NHI8	57
F0NHI8	65
F0NHI9	322
F0NHI9	353
F0NHI9	37
F0NHI9	43
F0NHI9	477
F0NHI9	609
F0NHI9	781
F0NHI9	802
F0NHI9	845
F0NHJ1	148
F0NHJ1	206
F0NHJ1	290
F0NHJ1	340
F0NHJ1	189
F0NHJ2	134
F0NHJ2	141
F0NHJ2	19
F0NHJ2	198
F0NHJ2	21
F0NHJ2	81
F0NHJ4	116
F0NHJ5	118
F0NHJ5	32
F0NHJ7	160
F0NHJ7	206
F0NHJ7	51
F0NHJ7	93
F0NHJ7	59
F0NHK0	9
F0NHK0	92
F0NHK1	12
F0NHK2	82
F0NHK2	83
F0NHK3	150
F0NHK3	76
F0NHK4	36
F0NHK4	48
F0NHK4	86
F0NHK4	97
F0NHK7	102
F0NHK7	133
F0NHK7	159
F0NHK7	26
F0NHK8	101
F0NHK9	114
F0NHK9	23
F0NHL0	154
F0NHL0	190
F0NHL0	54
F0NHL0	70
F0NHL1	53
F0NHL2	100
F0NHL2	87
F0NHL3	105
F0NHL3	119
F0NHL3	132
F0NHL3	94
F0NHL5	23
F0NHL5	28
F0NHL5	47
F0NHL6	114
F0NHL6	40
F0NHL8	41
F0NHL8	61
F0NHN6	316
F0NHN6	257
F0NHP1	76
F0NHP2	118
F0NHP2	141
F0NHP3	183
F0NHQ0	211
F0NHQ0	220
F0NHQ0	24
F0NHQ2	18
F0NHQ2	219
F0NHQ2	51
F0NHQ3	171
F0NHQ3	172
F0NHQ5	234
F0NHQ5	275
F0NHQ5	394
F0NHQ5	73
F0NHQ5	82
F0NHQ6	116
F0NHQ6	292
F0NHQ7	132
F0NHQ8	180
F0NHQ8	210
F0NHQ8	54
F0NHQ9	178
F0NHQ9	181
F0NHQ9	183
F0NHQ9	221
F0NHQ9	96
F0NHR1	131
F0NHR1	133
F0NHR1	179
F0NHR1	20
F0NHR3	168
F0NHR3	252
F0NHR3	270
F0NHR3	291
F0NHR3	294
F0NHR3	326
F0NHR3	67
F0NHR3	79
F0NHR4	101
F0NHR4	125
F0NHR4	149
F0NHR4	30
F0NHR4	71
F0NHR4	96
F0NHR5	22
F0NHR6	143
F0NHR6	22
F0NHR6	68
F0NHR7	166
F0NHR7	242
F0NHR7	254
F0NHR7	280
F0NHR7	32
F0NHR7	325
F0NHR7	109
F0NHR8	152
F0NHR8	198
F0NHR8	204
F0NHR8	44
F0NHR8	121
F0NHR9	193
F0NHR9	224
F0NHR9	258
F0NHR9	72
F0NHS0	179
F0NHS3	23
F0NHS4	60
F0NHS5	182
F0NHS7	188
F0NHS7	206
F0NHS7	69
F0NHS7	76
F0NHS7	86
F0NHS7	183
F0NHS8	73
F0NHT0	544
F0NHT1	86
F0NHT2	38
F0NHT2	17
F0NHT3	207
F0NHT3	213
F0NHT5	183
F0NHT7	133
F0NHT7	229
F0NHT7	917
F0NHT9	73
F0NHU1	372
F0NHU1	382
F0NHU2	285
F0NHU2	338
F0NHU2	91
F0NHU3	204
F0NHU3	284
F0NHU3	141
F0NHU4	518
F0NHU4	452
F0NHU5	153
F0NHU7	148
F0NHU7	158
F0NHU7	166
F0NHU7	179
F0NHU7	260
F0NHU7	63
F0NHU7	72
F0NHV1	204
F0NHV5	180
F0NHV5	321
F0NHV5	365
F0NHV5	404
F0NHV5	427
F0NHV5	111
F0NHV6	25
F0NHV6	26
F0NHV7	35
F0NHV7	47
F0NHV7	54
F0NHV8	13
F0NHV8	140
F0NHV8	197
F0NHV8	387
F0NHV8	388
F0NHV8	406
F0NHV8	430
F0NHV8	434
F0NHV8	47
F0NHV8	138
F0NHW0	10
F0NHW0	36
F0NHW1	151
F0NHW1	235
F0NHW1	341
F0NHW1	62
F0NHW1	276
F0NHW2	140
F0NHW3	51
F0NHW5	31
F0NHW6	295
F0NHW7	19
F0NHW8	79
F0NHX0	136
F0NHX0	246
F0NHX0	272
F0NHX0	304
F0NHX0	307
F0NHX0	58
F0NHX0	61
F0NHX1	15
F0NHX1	227
F0NHX1	26
F0NHX1	34
F0NHX1	362
F0NHX1	379
F0NHX1	9
F0NHX2	133
F0NHX2	140
F0NHX2	150
F0NHX2	25
F0NHX2	109
F0NHX3	64
F0NHX5	44
F0NHX6	111
F0NHX6	125
F0NHX6	174
F0NHX6	201
F0NHX7	66
F0NHX8	105
F0NHX8	121
F0NHY1	86
F0NHY2	105
F0NHY2	16
F0NHY2	37
F0NHY2	38
F0NHY3	134
F0NHY3	14
F0NHY3	161
F0NHY3	24
F0NHY3	78
F0NHY3	79
F0NHY4	22
F0NHY4	29
F0NHY4	313
F0NHY4	316
F0NHY4	322
F0NHY4	81
F0NHY5	23
F0NHY5	39
F0NHY5	46
F0NHY5	55
F0NHY5	80
F0NHY5	90
F0NHY6	153
F0NHY6	192
F0NHY6	234
F0NHY6	247
F0NHY6	330
F0NHY6	336
F0NHY6	391
F0NHY6	400
F0NHY6	51
F0NHY6	76
F0NHY6	97
F0NHY9	308
F0NHZ3	140
F0NHZ3	22
F0NHZ3	81
F0NHZ3	138
F0NHZ4	181
F0NHZ4	182
F0NHZ4	22
F0NHZ4	60
F0NHZ4	92
F0NHZ4	14
F0NHZ6	130
F0NHZ6	249
F0NHZ6	32
F0NHZ6	370
F0NHZ6	397
F0NHZ6	48
F0NHZ6	499
F0NHZ7	189
F0NI03	208
F0NI03	26
F0NI04	142
F0NI04	179
F0NI04	220
F0NI04	231
F0NI04	380
F0NI04	320
F0NI05	239
F0NI05	255
F0NI06	208
F0NI06	197
F0NI08	171
F0NI08	224
F0NI08	240
F0NI08	62
F0NI08	66
F0NI08	72
F0NI10	283
F0NI10	599
F0NI10	644
F0NI10	664
F0NI10	736
F0NI11	29
F0NI12	21
F0NI12	28
F0NI12	50
F0NI13	73
F0NI15	109
F0NI15	13
F0NI15	262
F0NI15	288
F0NI15	295
F0NI15	371
F0NI15	52
F0NI16	107
F0NI16	159
F0NI16	50
F0NI18	143
F0NI18	56
F0NI18	102
F0NI19	205
F0NI19	302
F0NI19	319
F0NI19	360
F0NI19	49
F0NI19	501
F0NI19	520
F0NI19	192
F0NI23	122
F0NI23	183
F0NI23	60
F0NI23	64
F0NI24	38
F0NI24	47
F0NI25	25
F0NI25	58
F0NI25	77
F0NI28	329
F0NI29	121
F0NI31	33
F0NI32	200
F0NI32	215
F0NI32	44
F0NI33	264
F0NI33	345
F0NI33	90
F0NI33	169
F0NI35	450
F0NI36	135
F0NI39	43
F0NI39	60
F0NI40	179
F0NI40	245
F0NI40	69
F0NI48	222
F0NI53	165
F0NI53	207
F0NI53	141
F0NI62	187
F0NI62	195
F0NI62	241
F0NI62	249
F0NI62	69
F0NI62	57
F0NI62	95
F0NI63	230
F0NI64	69
F0NI70	217
F0NI73	392
F0NI73	408
F0NI75	44
F0NI75	42
F0NI77	7
F0NI78	139
F0NI78	343
F0NI78	66
F0NI78	67
F0NI79	114
F0NI79	352
F0NI79	77
F0NI79	221
F0NI81	127
F0NI81	215
F0NI81	335
F0NI81	341
F0NI81	371
F0NI81	448
F0NI81	522
F0NI81	61
F0NI81	40
F0NI82	153
F0NI82	68
F0NI83	57
F0NI83	62
F0NI84	106
F0NI84	155
F0NI84	218
F0NI84	229
F0NI84	19
F0NI86	322
F0NI86	312
F0NI87	83
F0NI91	240
F0NI91	259
F0NI95	235
F0NI95	252
F0NI95	26
F0NI96	17
F0NI96	136
F0NI98	125
F0NI98	128
F0NI99	124
F0NI99	152
F0NI99	35
F0NIA1	96
F0NIA5	25
F0NIA6	326
F0NIA7	236
F0NIA7	241
F0NIA7	263
F0NIA7	32
F0NIA7	432
F0NIA7	436
F0NIA7	77
F0NIA7	81
F0NIA7	145
F0NIA8	22
F0NIB0	170
F0NIB0	21
F0NIB2	264
F0NIB2	371
F0NIB2	42
F0NIB2	59
F0NIB2	359
F0NIB3	159
F0NIB4	29
F0NIB4	59
F0NIB5	38
F0NIB6	166
F0NIB6	267
F0NIB7	290
F0NIB8	156
F0NIB9	11
F0NIB9	268
F0NIB9	273
F0NIB9	324
F0NIB9	345
F0NIB9	350
F0NIB9	361
F0NIB9	373
F0NIB9	402
F0NIB9	474
F0NIB9	825
F0NIB9	829
F0NIB9	857
F0NIB9	92
F0NIB9	99
F0NIB9	502
F0NIC0	81
F0NIC1	96
F0NIC7	290
F0NIC7	79
F0NIC8	182
F0NID0	526
F0NID0	533
F0NID2	102
F0NID2	103
F0NID2	124
F0NID2	211
F0NID2	289
F0NID2	330
F0NID2	55
F0NID2	61
F0NID4	141
F0NID4	164
F0NID4	21
F0NID4	474
F0NID5	139
F0NID5	152
F0NID5	20
F0NID5	199
F0NID6	123
F0NID6	191
F0NID6	26
F0NID6	282
F0NID6	328
F0NID6	39
F0NID6	89
F0NID7	56
F0NID7	55
F0NID8	282
F0NID8	300
F0NID8	398
F0NID8	461
F0NID8	650
F0NID8	679
F0NID8	75
F0NID8	761
F0NID8	804
F0NID8	831
F0NID8	860
F0NID8	867
F0NID8	875
F0NID8	414
F0NIE1	57
F0NIE2	211
F0NIE2	88
F0NIE3	115
F0NIE3	138
F0NIE3	341
F0NIE3	66
F0NIE3	72
F0NIE3	114
F0NIE4	153
F0NIE8	124
F0NIE8	9
F0NIE9	206
F0NIF0	193
F0NIF0	207
F0NIF0	296
F0NIF0	310
F0NIF1	152
F0NIF1	95
F0NIF3	119
F0NIF4	49
F0NIF4	63
F0NIF4	81
F0NIF4	82
F0NIF5	168
F0NIF7	234
F0NIF7	281
F0NIF8	101
F0NIF8	112
F0NIF8	18
F0NIF8	204
F0NIF8	28
F0NIF8	9
F0NIF8	97
F0NIF9	301
F0NIF9	528
F0NIG0	20
F0NIG0	37
F0NIG0	3
F0NIG1	149
F0NIG1	153
F0NIG2	129
F0NIG2	529
F0NIG5	18
F0NIG5	53
F0NIG6	200
F0NIG6	283
F0NIG6	288
F0NIG6	333
F0NIG6	71
F0NIG7	246
F0NIG7	26
F0NIG7	76
F0NIG8	199
F0NIG9	257
F0NIH0	77
F0NIH0	29
F0NIH0	353
F0NIH1	109
F0NIH1	125
F0NIH1	142
F0NIH1	18
F0NIH1	299
F0NIH1	72
F0NIH2	190
F0NIH2	14
F0NIH4	26
F0NIH7	185
F0NII2	34
F0NII2	71
F0NII7	176
F0NII7	405
F0NII8	299
F0NII8	31
F0NII8	356
F0NII8	358
F0NII8	68
F0NII8	85
F0NIJ3	115
F0NIJ3	116
F0NIJ3	123
F0NIJ3	186
F0NIJ3	198
F0NIJ3	229
F0NIJ3	238
F0NIJ3	256
F0NIJ3	273
F0NIJ3	288
F0NIJ3	301
F0NIJ3	313
F0NIJ3	365
F0NIJ3	373
F0NIJ3	468
F0NIJ3	498
F0NIJ3	77
F0NIJ5	29
F0NIJ6	392
F0NIJ6	423
F0NIJ7	111
F0NIJ7	12
F0NIJ7	162
F0NIJ7	85
F0NIJ8	82
F0NIJ9	113
F0NIJ9	139
F0NIJ9	140
F0NIJ9	72
F0NIJ9	88
F0NIK0	133
F0NIK0	141
F0NIK0	148
F0NIK0	38
F0NIK1	16
F0NIK1	213
F0NIK2	72
F0NIK3	242
F0NIK3	26
F0NIK7	152
F0NIK9	22
F0NIK9	52
F0NIL8	486
F0NIL8	598
F0NIL9	181
F0NIL9	186
F0NIL9	200
F0NIL9	214
F0NIL9	58
F0NIL9	99
F0NIL9	70
F0NIM0	110
F0NIM3	176
F0NIM3	250
F0NIM3	255
F0NIM3	287
F0NIM3	71
F0NIM3	251
F0NIM4	230
F0NIM4	319
F0NIM4	49
F0NIM4	50
F0NIM5	205
F0NIM5	238
F0NIM5	253
F0NIM5	254
F0NIM5	97
F0NIM5	204
F0NIM7	161
F0NIM7	176
F0NIM7	461
F0NIM8	115
F0NIM8	124
F0NIM8	139
F0NIM8	27
F0NIM8	275
F0NIM8	376
F0NIM9	148
F0NIM9	155
F0NIM9	199
F0NIM9	207
F0NIM9	210
F0NIM9	28
F0NIM9	36
F0NIM9	87
F0NIN0	277
F0NIN0	48
F0NIN1	268
F0NIN2	61
F0NIN4	228
F0NIN5	183
F0NIN5	235
F0NIN5	422
F0NIN5	445
F0NIN5	50
F0NIN5	502
F0NIN5	503
F0NIN5	89
F0NIN6	84
F0NIN6	74
F0NIN6	73
F0NIN6	8
F0NIN6	18
F0NIN6	116
F0NIN6	108
F0NIN7	16
F0NIN7	298
F0NIN7	384
F0NIN7	9
F0NIN9	18
F0NIP1	64
F0NIP4	162
F0NIP4	553
F0NIP4	560
F0NIP4	70
F0NIP4	746
F0NIP5	111
F0NIP5	125
F0NIP5	132
F0NIP5	143
F0NIP5	226
F0NIP5	253
F0NIP5	271
F0NIP5	286
F0NIP5	289
F0NIP5	313
F0NIP5	314
F0NIP5	350
F0NIP5	110
F0NIP6	304
F0NIP6	317
F0NIP6	354
F0NIP6	357
F0NIP9	62
F0NIP9	73
F0NIQ0	179
F0NIQ0	32
F0NIQ0	71
F0NIQ2	115
F0NIQ2	191
F0NIQ2	194
F0NIQ2	225
F0NIQ2	258
F0NIQ3	50
F0NIQ3	69
F0NIQ3	107
F0NIQ4	58
F0NIQ4	113
F0NIQ6	17
F0NIQ7	174
F0NIQ7	19
F0NIQ7	27
F0NIR1	115
F0NIR1	363
F0NIR2	101
F0NIR2	259
F0NIR2	284
F0NIR2	295
F0NIR2	296
F0NIR2	317
F0NIR3	40
F0NIR3	43
F0NIS2	176
F0NIS4	22
F0NIS5	128
F0NIS6	112
F0NIS6	127
F0NIS6	45
F0NIS6	59
F0NIS6	82
F0NIS6	124
F0NIS7	34
F0NIS7	50
F0NIS7	54
F0NIS8	235
F1LNT3	398
F1T0B5	166
F1T0C4	174
F2Z2B1	146
F2Z2H0	65
F2Z2J8	65
F2Z391	7
F4HRT5	227
F4HRT5	386
F4HRT5	509
F4HRT5	523
F4HT02	5
F4HT55	18
F4HTI7	83
F4HTN8	263
F4HU85	437
F4HUA0	44
F4HVZ5	128
F4HY33	662
F4HZB5	364
F4I2Z0	201
F4I3R4	502
F4I529	345
F4I529	353
F4I8B9	259
F4I8B9	342
F4I8Q1	160
F4I8Q1	237
F4I8Q1	62
F4I9M9	600
F4IEU4	126
F4IF85	300
F4IL65	81
F4IQK5	650
F4IS20	85
F4ISU2	1219
F4ISU2	960
F4ISU2	873
F4IVN6	116
F4IVZ7	317
F4IXW2	564
F4J0L7	451
F4J1H7	728
F4J6A8	338
F4J6A8	343
F4J7C7	678
F4J8L3	801
F4JAV9	699
F4JCF9	1010
F4JD57	321
F4JEN1	367
F4JF82	685
F4JH53	542
F4JJP1	271
F4JM19	1011
F4JPR4	683
F4JPR7	457
F4JRY9	178
F4JSP7	1621
F4JTX3	410
F4JTX3	408
F4JUD2	242
F4JUJ5	292
F4JVY8	580
F4JXK3	216
F4JXK3	304
F4JXM5	628
F4JZY1	1230
F4JZY1	210
F4JZY1	537
F4K5J1	1001
F4K5J1	953
F4K6B6	615
F4K8N1	220
F4KG14	567
F4KG14	807
F4KG52	303
F4KI56	13
F4KIA8	3
F5GWD3	121
F5GX35	80
F5GXG6	111
F5GXM9	661
F5GXV3	35
F5GYN0	187
F5GZ45	46
F5GZB4	2131
F5GZK2	293
F5H0A9	330
F5H0A9	336
F5H148	568
F5H284	125
F5H290	183
F5H290	189
F5H3Z4	50
F5H4K7	136
F5H4Z6	35
F5H5L8	81
F5H630	717
F5H6X0	80
F6QUT6	86
F6UVQ4	86
F8VTY5	98
F8VVM2	89
F8W9J4	2193
F8WAM2	11
F8WB63	85
F8WB84	70
F8WBW1	50
F8WC41	50
F8WEA2	26
F8WEH4	70
F8WF45	183
G3UW63	446
G3UW63	455
G3UW68	48
G3UW68	57
G3V2U0	19
G3V361	80
G3V4G9	144
G3XAC6	111
G5E9R0	84
G5E9U8	30
G5E9V3	92
H0Y390	160
H0Y3V9	53
H0Y447	62
H0Y496	54
H0Y4P6	126
H0Y5B4	53
H0Y6I0	1068
H0Y873	261
H0Y8E6	339
H0Y8X8	61
H0Y8Z5	42
H0Y9Y0	316
H0YBG5	228
H0YBR0	23
H0YBR0	27
H0YD31	75
H0YET1	25
H0YEU2	9
H0YF92	130
H0YFF7	25
H0YG45	76
H0YHT2	126
H0YIM6	36
H0YIS3	6
H0YIS3	8
H0YJ97	1413
H0YJ97	52
H0YJI2	113
H0YLK8	5
H0YLZ7	291
H0YM25	440
H0YM94	66
H0YNS1	3
H3BMT1	598
H3BN49	48
H3BNE7	9
H3BPE1	1021
H3BQK9	1058
H3BS04	48
H3BSN4	48
H3BU16	131
H7BXL6	658
H7BY91	53
H7BZ11	53
H7BZW2	138
H7C0A7	268
H7C120	207
H7C2Y0	145
H7C3G7	505
H7C4V2	235
H7C4V9	187
H7C5E4	52
H7C5Z8	201
I3L0Q8	121
I3L182	189
I3L1I8	189
I3L1U9	84
I3L2L7	421
I3L2L7	400
I3L3I0	84
I3L3R2	84
I3L3R9	178
I3L3Z8	69
I3L4D8	285
I3L4N8	75
J3KQN4	89
J3KQP4	52
J3KRE7	1020
J3KT65	84
J3QKX9	986
J3QQL1	232
J9JID5	234
K7EIY4	64
K7EJ51	2
K7EJL0	197
K7EK07	80
K7EKQ2	110
K7ELY2	48
K7EM38	84
K7EMV3	80
K7ENQ6	21
K7ENY4	2
K7EPZ6	97
K7EQA9	110
K7EQG2	109
K7ER34	2
K7ERQ1	21
K7ES00	80
K7ESJ9	49
K7W5S8	187
K7W5S8	227
K7W5S8	36
L7N1Y0	1932
L7N1Y0	1934
L7N1Y0	1945
M0QXA7	14
M0QXA7	316
M0QXA7	479
M0QY67	149
M0QY67	147
M0ZI98	133
M0ZMA9	55
M1A5X1	513
M1AED5	187
M1AED5	227
M1AED5	36
M1AED5	383
M1AED5	306
M1BQM9	227
M1BQM9	306
M1BQM9	36
M1BQM9	383
M1BQM9	187
M1BV36	229
M1BV36	33
M1BV36	73
M1BV36	152
M1BV39	187
M1BV39	36
M1D096	507
M1D0F0	502
M1D0F1	209
S4R340	11
S4R3V1	186
U3KPZ7	890
V9GYG0	52
V9GYZ6	417
X6R2W0	79
